timestamp,p_x,p_y,p_z,q_w,q_x,q_y,q_z
1640841645946109952,-2.232305,-0.333129,0.730399,0.540130,0.017180,-0.003732,-0.841398
1640841645946959872,-2.232218,-0.333088,0.730124,0.540123,0.017220,-0.003718,-0.841402
1640841645950769920,-2.231831,-0.332905,0.728893,0.540098,0.017416,-0.003674,-0.841414
1640841645952029952,-2.231703,-0.332845,0.728486,0.540092,0.017484,-0.003667,-0.841417
1640841645955869952,-2.231316,-0.332662,0.727247,0.540078,0.017696,-0.003665,-0.841421
1640841645956849920,-2.231217,-0.332615,0.726932,0.540075,0.017749,-0.003669,-0.841421
1640841645960870144,-2.230815,-0.332425,0.725637,0.540060,0.017951,-0.003690,-0.841427
1640841645961939712,-2.230709,-0.332375,0.725293,0.540054,0.017999,-0.003697,-0.841430
1640841645965869824,-2.230319,-0.332190,0.724031,0.540030,0.018158,-0.003727,-0.841442
1640841645966850048,-2.230222,-0.332144,0.723716,0.540023,0.018193,-0.003736,-0.841445
1640841645970929920,-2.229820,-0.331954,0.722408,0.539995,0.018324,-0.003780,-0.841460
1640841645971859968,-2.229729,-0.331911,0.722111,0.539989,0.018351,-0.003791,-0.841463
1640841645976159744,-2.229310,-0.331713,0.720735,0.539962,0.018469,-0.003839,-0.841478
1640841645980589824,-2.228881,-0.331510,0.719321,0.539938,0.018603,-0.003855,-0.841490
1640841645981469952,-2.228796,-0.331469,0.719040,0.539934,0.018633,-0.003852,-0.841492
1640841645981859840,-2.228759,-0.331452,0.718916,0.539933,0.018646,-0.003849,-0.841493
1640841645990829824,-2.227903,-0.331046,0.716062,0.539918,0.018919,-0.003688,-0.841497
1640841645991699968,-2.227820,-0.331007,0.715786,0.539920,0.018936,-0.003662,-0.841495
1640841645995379968,-2.227474,-0.330843,0.714619,0.539929,0.018996,-0.003544,-0.841489
1640841645996919808,-2.227329,-0.330775,0.714131,0.539932,0.019023,-0.003494,-0.841486
1640841645998749952,-2.227158,-0.330693,0.713552,0.539933,0.019062,-0.003436,-0.841485
1640841646000979968,-2.226951,-0.330595,0.712847,0.539930,0.019125,-0.003372,-0.841486
1640841646001819904,-2.226873,-0.330558,0.712581,0.539928,0.019152,-0.003349,-0.841487
1640841646003069952,-2.226757,-0.330503,0.712186,0.539924,0.019196,-0.003316,-0.841489
1640841646005990144,-2.226487,-0.330376,0.711265,0.539913,0.019303,-0.003240,-0.841493
1640841646006840064,-2.226409,-0.330338,0.710997,0.539911,0.019333,-0.003217,-0.841494
1640841646010840064,-2.226043,-0.330165,0.709737,0.539909,0.019456,-0.003097,-0.841493
1640841646011790080,-2.225957,-0.330124,0.709438,0.539912,0.019478,-0.003064,-0.841491
1640841646015800064,-2.225593,-0.329952,0.708179,0.539926,0.019554,-0.002930,-0.841480
1640841646017550080,-2.225435,-0.329877,0.707629,0.539929,0.019585,-0.002881,-0.841478
1640841646021539840,-2.225078,-0.329708,0.706379,0.539917,0.019673,-0.002814,-0.841483
1640841646022039808,-2.225033,-0.329686,0.706223,0.539914,0.019687,-0.002810,-0.841485
1640841646025899776,-2.224691,-0.329524,0.705016,0.539880,0.019809,-0.002805,-0.841504
1640841646026899712,-2.224602,-0.329482,0.704703,0.539870,0.019845,-0.002808,-0.841510
1640841646030839808,-2.224256,-0.329318,0.703474,0.539838,0.020008,-0.002820,-0.841527
1640841646031809792,-2.224171,-0.329278,0.703172,0.539833,0.020053,-0.002821,-0.841529
1640841646037380096,-2.223687,-0.329048,0.701439,0.539825,0.020325,-0.002801,-0.841527
1640841646039049984,-2.223543,-0.328980,0.700920,0.539824,0.020401,-0.002792,-0.841526
1640841646040799744,-2.223393,-0.328909,0.700377,0.539821,0.020474,-0.002784,-0.841526
1640841646041939968,-2.223295,-0.328863,0.700023,0.539817,0.020515,-0.002781,-0.841528
1640841646045819904,-2.222965,-0.328707,0.698821,0.539797,0.020632,-0.002775,-0.841538
1640841646046799872,-2.222882,-0.328667,0.698518,0.539791,0.020657,-0.002774,-0.841541
1640841646050949888,-2.222533,-0.328502,0.697236,0.539766,0.020757,-0.002775,-0.841554
1640841646051889920,-2.222454,-0.328465,0.696946,0.539761,0.020780,-0.002776,-0.841557
1640841646055919872,-2.222119,-0.328306,0.695704,0.539747,0.020882,-0.002771,-0.841563
1640841646056839936,-2.222043,-0.328270,0.695420,0.539745,0.020905,-0.002767,-0.841564
1640841646060979968,-2.221702,-0.328109,0.694148,0.539741,0.020998,-0.002732,-0.841565
1640841646062229760,-2.221600,-0.328061,0.693764,0.539741,0.021022,-0.002713,-0.841564
1640841646066119936,-2.221284,-0.327911,0.692571,0.539744,0.021074,-0.002623,-0.841561
1640841646067329792,-2.221186,-0.327865,0.692200,0.539746,0.021084,-0.002585,-0.841560
1640841646070919936,-2.220898,-0.327729,0.691102,0.539745,0.021126,-0.002484,-0.841560
1640841646072649984,-2.220760,-0.327664,0.690574,0.539739,0.021166,-0.002457,-0.841562
1640841646075949824,-2.220498,-0.327541,0.689568,0.539721,0.021270,-0.002434,-0.841572
1640841646079079936,-2.220252,-0.327425,0.688615,0.539699,0.021379,-0.002422,-0.841583
1640841646080750080,-2.220121,-0.327363,0.688107,0.539687,0.021434,-0.002411,-0.841589
1640841646081760000,-2.220043,-0.327326,0.687800,0.539681,0.021466,-0.002403,-0.841593
1640841646086710016,-2.219660,-0.327146,0.686298,0.539648,0.021607,-0.002354,-0.841610
1640841646087450112,-2.219603,-0.327119,0.686074,0.539643,0.021627,-0.002347,-0.841613
1640841646091079936,-2.219326,-0.326989,0.684976,0.539620,0.021720,-0.002323,-0.841625
1640841646093349888,-2.219155,-0.326909,0.684290,0.539605,0.021776,-0.002319,-0.841634
1640841646095769856,-2.218973,-0.326823,0.683560,0.539589,0.021840,-0.002327,-0.841642
1640841646096829952,-2.218893,-0.326786,0.683241,0.539582,0.021870,-0.002335,-0.841646
1640841646103299840,-2.218414,-0.326561,0.681296,0.539542,0.022102,-0.002421,-0.841665
1640841646104859904,-2.218299,-0.326508,0.680828,0.539532,0.022163,-0.002446,-0.841670
1640841646106349824,-2.218191,-0.326457,0.680381,0.539522,0.022220,-0.002469,-0.841675
1640841646108999936,-2.217998,-0.326367,0.679588,0.539501,0.022312,-0.002501,-0.841685
1640841646110779904,-2.217870,-0.326307,0.679056,0.539485,0.022364,-0.002514,-0.841694
1640841646111769856,-2.217799,-0.326274,0.678760,0.539476,0.022389,-0.002517,-0.841700
1640841646115799808,-2.217511,-0.326140,0.677559,0.539435,0.022467,-0.002512,-0.841724
1640841646116859904,-2.217436,-0.326105,0.677243,0.539425,0.022483,-0.002507,-0.841730
1640841646120969984,-2.217148,-0.325970,0.676022,0.539395,0.022541,-0.002479,-0.841747
1640841646122339840,-2.217052,-0.325926,0.675615,0.539389,0.022561,-0.002468,-0.841751
1640841646125839872,-2.216810,-0.325813,0.674579,0.539380,0.022611,-0.002432,-0.841756
1640841646127810048,-2.216675,-0.325751,0.673996,0.539377,0.022640,-0.002406,-0.841757
1640841646130789888,-2.216472,-0.325657,0.673117,0.539374,0.022684,-0.002356,-0.841758
1640841646131849984,-2.216400,-0.325623,0.672804,0.539373,0.022700,-0.002335,-0.841758
1640841646135959808,-2.216124,-0.325496,0.671595,0.539369,0.022752,-0.002253,-0.841759
1640841646137080064,-2.216050,-0.325461,0.671266,0.539367,0.022763,-0.002231,-0.841760
1640841646141489920,-2.215759,-0.325327,0.669974,0.539358,0.022781,-0.002161,-0.841765
1640841646142360064,-2.215702,-0.325301,0.669719,0.539356,0.022780,-0.002150,-0.841767
1640841646145759744,-2.215481,-0.325199,0.668726,0.539347,0.022773,-0.002118,-0.841773
1640841646146819840,-2.215412,-0.325167,0.668417,0.539345,0.022774,-0.002108,-0.841774
1640841646151289856,-2.215127,-0.325036,0.667116,0.539345,0.022815,-0.002059,-0.841774
1640841646153139712,-2.215010,-0.324982,0.666579,0.539347,0.022853,-0.002035,-0.841771
1640841646156199936,-2.214818,-0.324894,0.665692,0.539348,0.022933,-0.002002,-0.841768
1640841646158370048,-2.214683,-0.324832,0.665064,0.539343,0.022998,-0.001990,-0.841770
1640841646160889856,-2.214528,-0.324761,0.664337,0.539328,0.023075,-0.001993,-0.841777
1640841646161779968,-2.214473,-0.324736,0.664080,0.539320,0.023102,-0.001999,-0.841781
1640841646165779712,-2.214231,-0.324625,0.662929,0.539276,0.023227,-0.002041,-0.841806
1640841646166819840,-2.214168,-0.324596,0.662630,0.539265,0.023261,-0.002052,-0.841812
1640841646174229760,-2.213729,-0.324396,0.660509,0.539220,0.023528,-0.002072,-0.841834
1640841646174819840,-2.213695,-0.324380,0.660341,0.539218,0.023549,-0.002072,-0.841834
1640841646175770112,-2.213639,-0.324355,0.660070,0.539215,0.023583,-0.002073,-0.841835
1640841646176849920,-2.213577,-0.324326,0.659762,0.539211,0.023620,-0.002077,-0.841837
1640841646180759808,-2.213352,-0.324224,0.658650,0.539186,0.023732,-0.002132,-0.841850
1640841646181809920,-2.213293,-0.324197,0.658352,0.539176,0.023756,-0.002158,-0.841855
1640841646186099968,-2.213051,-0.324087,0.657138,0.539131,0.023835,-0.002294,-0.841882
1640841646188000000,-2.212946,-0.324039,0.656601,0.539112,0.023865,-0.002360,-0.841892
1640841646190840064,-2.212789,-0.323968,0.655801,0.539093,0.023907,-0.002450,-0.841903
1640841646191899904,-2.212731,-0.323942,0.655503,0.539089,0.023924,-0.002479,-0.841905
1640841646195780096,-2.212521,-0.323847,0.654413,0.539085,0.023979,-0.002576,-0.841906
1640841646196819968,-2.212466,-0.323821,0.654122,0.539085,0.023991,-0.002602,-0.841906
1640841646201129984,-2.212237,-0.323718,0.652918,0.539083,0.024020,-0.002735,-0.841906
1640841646203579904,-2.212110,-0.323660,0.652235,0.539079,0.024021,-0.002820,-0.841908
1640841646205809920,-2.211994,-0.323608,0.651615,0.539076,0.024015,-0.002891,-0.841910
1640841646207490048,-2.211908,-0.323569,0.651149,0.539075,0.024008,-0.002935,-0.841910
1640841646210759936,-2.211743,-0.323494,0.650243,0.539078,0.023992,-0.002983,-0.841909
1640841646211789824,-2.211691,-0.323471,0.649958,0.539081,0.023987,-0.002985,-0.841907
1640841646215799808,-2.211492,-0.323381,0.648852,0.539100,0.023966,-0.002948,-0.841895
1640841646216919808,-2.211437,-0.323356,0.648544,0.539107,0.023958,-0.002932,-0.841891
1640841646220939776,-2.211242,-0.323268,0.647441,0.539134,0.023923,-0.002890,-0.841875
1640841646221849856,-2.211199,-0.323249,0.647192,0.539140,0.023913,-0.002886,-0.841871
1640841646225849856,-2.211009,-0.323163,0.646099,0.539165,0.023864,-0.002884,-0.841857
1640841646226859776,-2.210962,-0.323142,0.645823,0.539170,0.023852,-0.002886,-0.841854
1640841646230759936,-2.210782,-0.323061,0.644763,0.539185,0.023809,-0.002899,-0.841846
1640841646231789824,-2.210735,-0.323040,0.644483,0.539188,0.023800,-0.002902,-0.841844
1640841646235889920,-2.210550,-0.322956,0.643373,0.539197,0.023781,-0.002915,-0.841839
1640841646236919808,-2.210504,-0.322936,0.643095,0.539200,0.023781,-0.002918,-0.841837
1640841646240759808,-2.210336,-0.322860,0.642061,0.539216,0.023807,-0.002923,-0.841826
1640841646241789696,-2.210291,-0.322840,0.641784,0.539221,0.023821,-0.002924,-0.841822
1640841646245750016,-2.210122,-0.322763,0.640722,0.539245,0.023888,-0.002940,-0.841805
1640841646246840064,-2.210076,-0.322742,0.640431,0.539251,0.023907,-0.002952,-0.841800
1640841646251600128,-2.209879,-0.322653,0.639161,0.539264,0.023970,-0.003067,-0.841790
1640841646253369856,-2.209807,-0.322621,0.638691,0.539263,0.023983,-0.003134,-0.841790
1640841646256999936,-2.209661,-0.322555,0.637728,0.539259,0.024004,-0.003285,-0.841792
1640841646257599744,-2.209637,-0.322544,0.637570,0.539258,0.024008,-0.003309,-0.841792
1640841646261580032,-2.209482,-0.322473,0.636519,0.539260,0.024040,-0.003453,-0.841789
1640841646262509824,-2.209446,-0.322457,0.636274,0.539261,0.024048,-0.003482,-0.841788
1640841646266279936,-2.209303,-0.322392,0.635283,0.539267,0.024082,-0.003598,-0.841783
1640841646267539968,-2.209256,-0.322370,0.634953,0.539269,0.024091,-0.003637,-0.841781
1640841646271159808,-2.209123,-0.322310,0.634007,0.539271,0.024108,-0.003762,-0.841779
1640841646272709888,-2.209067,-0.322284,0.633603,0.539270,0.024109,-0.003823,-0.841779
1640841646275769856,-2.208958,-0.322234,0.632807,0.539266,0.024099,-0.003948,-0.841781
1640841646276929792,-2.208917,-0.322215,0.632506,0.539265,0.024092,-0.003995,-0.841782
1640841646281219840,-2.208769,-0.322147,0.631395,0.539263,0.024043,-0.004153,-0.841784
1640841646281989888,-2.208743,-0.322135,0.631196,0.539263,0.024032,-0.004177,-0.841784
1640841646286619904,-2.208589,-0.322064,0.630004,0.539273,0.023951,-0.004301,-0.841780
1640841646287329792,-2.208566,-0.322054,0.629822,0.539275,0.023938,-0.004316,-0.841778
1640841646290819840,-2.208454,-0.322001,0.628928,0.539293,0.023874,-0.004383,-0.841768
1640841646291869952,-2.208421,-0.321986,0.628660,0.539300,0.023856,-0.004399,-0.841764
1640841646295830016,-2.208298,-0.321929,0.627650,0.539328,0.023785,-0.004441,-0.841748
1640841646297129984,-2.208258,-0.321910,0.627320,0.539338,0.023761,-0.004447,-0.841742
1640841646300779776,-2.208149,-0.321859,0.626395,0.539363,0.023686,-0.004440,-0.841728
1640841646301820160,-2.208119,-0.321845,0.626131,0.539369,0.023662,-0.004432,-0.841725
1640841646305850112,-2.208003,-0.321790,0.625115,0.539395,0.023566,-0.004389,-0.841712
1640841646306889984,-2.207974,-0.321776,0.624853,0.539403,0.023540,-0.004379,-0.841707
1640841646310779904,-2.207867,-0.321726,0.623877,0.539441,0.023449,-0.004358,-0.841686
1640841646311830016,-2.207839,-0.321712,0.623615,0.539453,0.023426,-0.004358,-0.841679
1640841646315849984,-2.207733,-0.321661,0.622611,0.539499,0.023349,-0.004372,-0.841651
1640841646316829952,-2.207708,-0.321649,0.622368,0.539508,0.023333,-0.004377,-0.841646
1640841646320899840,-2.207606,-0.321600,0.621357,0.539533,0.023286,-0.004397,-0.841631
1640841646321969920,-2.207579,-0.321587,0.621092,0.539536,0.023279,-0.004401,-0.841629
1640841646325779968,-2.207488,-0.321542,0.620152,0.539536,0.023264,-0.004423,-0.841629
1640841646327469824,-2.207449,-0.321523,0.619736,0.539535,0.023261,-0.004438,-0.841630
1640841646330870016,-2.207372,-0.321484,0.618901,0.539539,0.023259,-0.004487,-0.841628
1640841646331820032,-2.207351,-0.321474,0.618669,0.539541,0.023259,-0.004506,-0.841626
1640841646336179968,-2.207257,-0.321426,0.617604,0.539555,0.023265,-0.004617,-0.841616
1640841646337600000,-2.207227,-0.321411,0.617259,0.539559,0.023270,-0.004662,-0.841613
1640841646340849920,-2.207161,-0.321377,0.616470,0.539567,0.023289,-0.004782,-0.841607
1640841646341789952,-2.207143,-0.321368,0.616242,0.539569,0.023297,-0.004821,-0.841605
1640841646345959936,-2.207062,-0.321326,0.615235,0.539569,0.023334,-0.005006,-0.841603
1640841646347280128,-2.207038,-0.321313,0.614917,0.539569,0.023343,-0.005065,-0.841602
1640841646350819840,-2.206974,-0.321279,0.614067,0.539573,0.023341,-0.005210,-0.841599
1640841646351820032,-2.206957,-0.321270,0.613828,0.539575,0.023334,-0.005246,-0.841597
1640841646355919872,-2.206888,-0.321232,0.612849,0.539588,0.023281,-0.005375,-0.841590
1640841646356959744,-2.206871,-0.321223,0.612601,0.539591,0.023263,-0.005402,-0.841588
1640841646361189888,-2.206805,-0.321186,0.611597,0.539606,0.023175,-0.005488,-0.841581
1640841646362200064,-2.206790,-0.321177,0.611357,0.539609,0.023152,-0.005504,-0.841579
1640841646365799936,-2.206738,-0.321147,0.610508,0.539624,0.023062,-0.005552,-0.841572
1640841646366950144,-2.206722,-0.321137,0.610237,0.539630,0.023031,-0.005566,-0.841569
1640841646370899968,-2.206669,-0.321106,0.609310,0.539658,0.022917,-0.005622,-0.841554
1640841646371879936,-2.206657,-0.321098,0.609080,0.539666,0.022887,-0.005638,-0.841549
1640841646376649984,-2.206599,-0.321062,0.607967,0.539710,0.022744,-0.005710,-0.841525
1640841646378399744,-2.206580,-0.321050,0.607560,0.539724,0.022696,-0.005728,-0.841517
1640841646380780032,-2.206554,-0.321033,0.607009,0.539738,0.022638,-0.005736,-0.841509
1640841646381860096,-2.206543,-0.321025,0.606759,0.539742,0.022615,-0.005734,-0.841507
1640841646386169856,-2.206501,-0.320996,0.605764,0.539753,0.022535,-0.005707,-0.841503
1640841646387830016,-2.206486,-0.320985,0.605383,0.539756,0.022508,-0.005696,-0.841501
1640841646391160064,-2.206458,-0.320964,0.604620,0.539766,0.022457,-0.005687,-0.841496
1640841646391840000,-2.206452,-0.320960,0.604464,0.539768,0.022446,-0.005688,-0.841495
1640841646395799808,-2.206423,-0.320936,0.603561,0.539785,0.022383,-0.005709,-0.841486
1640841646396849920,-2.206416,-0.320929,0.603322,0.539788,0.022366,-0.005718,-0.841484
1640841646400780032,-2.206391,-0.320907,0.602432,0.539796,0.022293,-0.005755,-0.841481
1640841646401839872,-2.206385,-0.320901,0.602192,0.539796,0.022271,-0.005766,-0.841481
1640841646405880064,-2.206365,-0.320880,0.601282,0.539790,0.022187,-0.005807,-0.841487
1640841646407229952,-2.206359,-0.320873,0.600978,0.539788,0.022160,-0.005821,-0.841489
1640841646411749888,-2.206342,-0.320851,0.599967,0.539781,0.022082,-0.005873,-0.841495
1640841646412969728,-2.206338,-0.320845,0.599695,0.539780,0.022065,-0.005889,-0.841496
1640841646416539904,-2.206329,-0.320829,0.598901,0.539780,0.022022,-0.005938,-0.841497
1640841646417169920,-2.206328,-0.320826,0.598761,0.539781,0.022015,-0.005948,-0.841497
1640841646420790016,-2.206322,-0.320811,0.597960,0.539785,0.021977,-0.006009,-0.841495
1640841646422089728,-2.206321,-0.320805,0.597673,0.539787,0.021963,-0.006032,-0.841493
1640841646426779904,-2.206320,-0.320787,0.596643,0.539795,0.021906,-0.006112,-0.841489
1640841646428699904,-2.206321,-0.320780,0.596222,0.539799,0.021877,-0.006137,-0.841487
1640841646430899968,-2.206323,-0.320772,0.595742,0.539803,0.021837,-0.006156,-0.841485
1640841646431809792,-2.206324,-0.320769,0.595544,0.539805,0.021819,-0.006161,-0.841485
1640841646435799808,-2.206332,-0.320756,0.594677,0.539815,0.021728,-0.006168,-0.841481
1640841646437149952,-2.206335,-0.320752,0.594385,0.539820,0.021695,-0.006165,-0.841478
1640841646440999936,-2.206347,-0.320740,0.593554,0.539841,0.021595,-0.006147,-0.841467
1640841646443460096,-2.206357,-0.320734,0.593025,0.539860,0.021531,-0.006131,-0.841457
1640841646445779968,-2.206367,-0.320728,0.592528,0.539881,0.021471,-0.006115,-0.841445
1640841646446849792,-2.206372,-0.320725,0.592299,0.539890,0.021444,-0.006108,-0.841440
1640841646450779904,-2.206393,-0.320716,0.591461,0.539925,0.021350,-0.006086,-0.841420
1640841646451849984,-2.206400,-0.320714,0.591233,0.539934,0.021326,-0.006082,-0.841415
1640841646461769728,-2.206470,-0.320695,0.589139,0.539994,0.021133,-0.006075,-0.841382
1640841646462449920,-2.206476,-0.320694,0.588997,0.539996,0.021122,-0.006076,-0.841380
1640841646462859776,-2.206480,-0.320693,0.588911,0.539998,0.021116,-0.006077,-0.841379
1640841646463160064,-2.206482,-0.320693,0.588848,0.539999,0.021111,-0.006078,-0.841379
1640841646465779968,-2.206505,-0.320689,0.588300,0.540010,0.021076,-0.006087,-0.841372
1640841646466850048,-2.206515,-0.320688,0.588077,0.540015,0.021065,-0.006092,-0.841369
1640841646471340032,-2.206559,-0.320682,0.587144,0.540046,0.021035,-0.006112,-0.841351
1640841646472239872,-2.206569,-0.320682,0.586957,0.540054,0.021033,-0.006117,-0.841345
1640841646477339904,-2.206625,-0.320677,0.585905,0.540100,0.021028,-0.006158,-0.841315
1640841646478089728,-2.206634,-0.320677,0.585751,0.540106,0.021027,-0.006167,-0.841312
1640841646480779776,-2.206667,-0.320675,0.585199,0.540122,0.021016,-0.006210,-0.841302
1640841646481859840,-2.206680,-0.320674,0.584978,0.540125,0.021008,-0.006232,-0.841299
1640841646485769984,-2.206731,-0.320673,0.584181,0.540128,0.020966,-0.006323,-0.841298
1640841646487059712,-2.206749,-0.320672,0.583918,0.540128,0.020951,-0.006352,-0.841298
1640841646490919936,-2.206803,-0.320672,0.583136,0.540140,0.020915,-0.006420,-0.841291
1640841646491999744,-2.206819,-0.320672,0.582918,0.540147,0.020907,-0.006432,-0.841287
1640841646495859968,-2.206878,-0.320672,0.582141,0.540178,0.020876,-0.006454,-0.841267
1640841646496899840,-2.206894,-0.320672,0.581932,0.540188,0.020865,-0.006455,-0.841261
1640841646500759808,-2.206956,-0.320674,0.581160,0.540224,0.020800,-0.006452,-0.841240
1640841646501829888,-2.206974,-0.320674,0.580946,0.540233,0.020773,-0.006450,-0.841235
1640841646506039808,-2.207046,-0.320676,0.580110,0.540268,0.020643,-0.006433,-0.841215
1640841646506959872,-2.207062,-0.320677,0.579927,0.540277,0.020612,-0.006427,-0.841210
1640841646510870016,-2.207133,-0.320680,0.579155,0.540326,0.020492,-0.006387,-0.841182
1640841646511849984,-2.207152,-0.320681,0.578962,0.540342,0.020467,-0.006372,-0.841172
1640841646515759872,-2.207226,-0.320685,0.578195,0.540411,0.020379,-0.006301,-0.841130
1640841646516859904,-2.207248,-0.320686,0.577980,0.540431,0.020357,-0.006277,-0.841118
1640841646521220096,-2.207336,-0.320692,0.577130,0.540499,0.020276,-0.006166,-0.841078
1640841646523249920,-2.207378,-0.320694,0.576736,0.540524,0.020238,-0.006109,-0.841063
1640841646525859840,-2.207433,-0.320698,0.576231,0.540553,0.020189,-0.006036,-0.841046
1640841646527569920,-2.207470,-0.320701,0.575901,0.540572,0.020157,-0.005991,-0.841035
1640841646530779904,-2.207541,-0.320706,0.575284,0.540613,0.020094,-0.005918,-0.841010
1640841646531839744,-2.207565,-0.320708,0.575081,0.540628,0.020073,-0.005898,-0.841001
1640841646535810048,-2.207656,-0.320715,0.574322,0.540686,0.019999,-0.005837,-0.840966
1640841646537070080,-2.207686,-0.320718,0.574082,0.540704,0.019978,-0.005821,-0.840956
1640841646540829952,-2.207775,-0.320725,0.573368,0.540745,0.019928,-0.005779,-0.840931
1640841646542080000,-2.207806,-0.320728,0.573132,0.540755,0.019917,-0.005767,-0.840924
1640841646545779968,-2.207897,-0.320736,0.572434,0.540780,0.019898,-0.005737,-0.840909
1640841646546860032,-2.207925,-0.320739,0.572231,0.540787,0.019897,-0.005730,-0.840905
1640841646550819840,-2.208026,-0.320748,0.571490,0.540815,0.019908,-0.005718,-0.840887
1640841646551909888,-2.208055,-0.320751,0.571286,0.540824,0.019915,-0.005719,-0.840880
1640841646556009984,-2.208164,-0.320761,0.570524,0.540863,0.019945,-0.005734,-0.840854
1640841646557129984,-2.208194,-0.320764,0.570316,0.540874,0.019951,-0.005742,-0.840847
1640841646560779776,-2.208294,-0.320774,0.569642,0.540906,0.019953,-0.005777,-0.840827
1640841646561910016,-2.208325,-0.320777,0.569434,0.540914,0.019947,-0.005790,-0.840821
1640841646565789952,-2.208435,-0.320789,0.568723,0.540943,0.019909,-0.005827,-0.840803
1640841646566860032,-2.208466,-0.320792,0.568527,0.540952,0.019895,-0.005833,-0.840798
1640841646570909952,-2.208583,-0.320804,0.567790,0.540992,0.019829,-0.005825,-0.840774
1640841646574939904,-2.208703,-0.320817,0.567060,0.541043,0.019751,-0.005768,-0.840743
1640841646576769792,-2.208758,-0.320823,0.566730,0.541068,0.019711,-0.005732,-0.840728
1640841646577359872,-2.208776,-0.320825,0.566624,0.541077,0.019697,-0.005719,-0.840723
1640841646580790016,-2.208882,-0.320836,0.566008,0.541125,0.019607,-0.005644,-0.840695
1640841646581859840,-2.208915,-0.320840,0.565817,0.541139,0.019576,-0.005620,-0.840686
1640841646586079744,-2.209048,-0.320855,0.565065,0.541199,0.019451,-0.005514,-0.840652
1640841646587030016,-2.209078,-0.320858,0.564896,0.541213,0.019422,-0.005487,-0.840644
1640841646590859776,-2.209202,-0.320872,0.564219,0.541270,0.019311,-0.005362,-0.840610
1640841646594799872,-2.209331,-0.320887,0.563526,0.541332,0.019206,-0.005207,-0.840573
1640841646595759872,-2.209363,-0.320891,0.563358,0.541347,0.019182,-0.005166,-0.840565
1640841646596859904,-2.209400,-0.320895,0.563165,0.541364,0.019154,-0.005117,-0.840555
1640841646600989696,-2.209539,-0.320911,0.562446,0.541425,0.019053,-0.004922,-0.840518
1640841646602259968,-2.209583,-0.320916,0.562225,0.541443,0.019023,-0.004861,-0.840508
1640841646606749952,-2.209738,-0.320934,0.561449,0.541503,0.018924,-0.004657,-0.840473
1640841646607519744,-2.209765,-0.320938,0.561317,0.541513,0.018908,-0.004626,-0.840467
1640841646610779904,-2.209881,-0.320951,0.560758,0.541554,0.018850,-0.004517,-0.840442
1640841646611849984,-2.209919,-0.320956,0.560575,0.541568,0.018833,-0.004489,-0.840434
1640841646615820032,-2.210062,-0.320973,0.559899,0.541615,0.018772,-0.004408,-0.840405
1640841646616989952,-2.210104,-0.320978,0.559700,0.541629,0.018753,-0.004389,-0.840397
1640841646621369856,-2.210265,-0.320997,0.558960,0.541676,0.018666,-0.004316,-0.840369
1640841646622319872,-2.210301,-0.321002,0.558801,0.541686,0.018643,-0.004298,-0.840363
1640841646625789952,-2.210431,-0.321017,0.558219,0.541720,0.018555,-0.004230,-0.840344
1640841646627709952,-2.210503,-0.321026,0.557899,0.541737,0.018514,-0.004192,-0.840333
1640841646630800128,-2.210622,-0.321041,0.557385,0.541765,0.018475,-0.004136,-0.840317
1640841646631879936,-2.210663,-0.321046,0.557207,0.541775,0.018470,-0.004119,-0.840311
1640841646635799808,-2.210816,-0.321065,0.556560,0.541809,0.018466,-0.004072,-0.840289
1640841646638089984,-2.210906,-0.321076,0.556184,0.541829,0.018458,-0.004056,-0.840276
1640841646641409792,-2.211037,-0.321092,0.555642,0.541860,0.018413,-0.004049,-0.840257
1640841646641949952,-2.211059,-0.321095,0.555554,0.541865,0.018403,-0.004049,-0.840254
1640841646645749760,-2.211212,-0.321114,0.554938,0.541899,0.018309,-0.004054,-0.840234
1640841646646870016,-2.211257,-0.321119,0.554757,0.541909,0.018278,-0.004054,-0.840229
1640841646650840064,-2.211419,-0.321140,0.554118,0.541939,0.018166,-0.004043,-0.840212
1640841646651879936,-2.211462,-0.321145,0.553952,0.541946,0.018138,-0.004036,-0.840208
1640841646655879936,-2.211629,-0.321166,0.553314,0.541973,0.018025,-0.003992,-0.840193
1640841646656940032,-2.211673,-0.321172,0.553145,0.541980,0.017992,-0.003977,-0.840189
1640841646660790016,-2.211835,-0.321192,0.552537,0.542012,0.017858,-0.003912,-0.840172
1640841646661839872,-2.211880,-0.321198,0.552371,0.542022,0.017816,-0.003892,-0.840167
1640841646666119936,-2.212063,-0.321221,0.551701,0.542068,0.017636,-0.003795,-0.840141
1640841646667109888,-2.212106,-0.321227,0.551546,0.542081,0.017594,-0.003769,-0.840134
1640841646670929920,-2.212272,-0.321248,0.550953,0.542131,0.017441,-0.003652,-0.840105
1640841646671869952,-2.212314,-0.321254,0.550807,0.542144,0.017406,-0.003620,-0.840097
1640841646675770112,-2.212486,-0.321276,0.550207,0.542196,0.017265,-0.003476,-0.840067
1640841646676920064,-2.212537,-0.321282,0.550031,0.542210,0.017225,-0.003431,-0.840059
1640841646680800000,-2.212710,-0.321305,0.549438,0.542247,0.017089,-0.003275,-0.840039
1640841646682060032,-2.212767,-0.321313,0.549247,0.542256,0.017045,-0.003223,-0.840034
1640841646685769984,-2.212935,-0.321335,0.548686,0.542281,0.016924,-0.003071,-0.840021
1640841646687109888,-2.212996,-0.321343,0.548484,0.542291,0.016886,-0.003015,-0.840016
1640841646694700032,-2.213347,-0.321389,0.547351,0.542374,0.016736,-0.002710,-0.839966
1640841646695209984,-2.213371,-0.321392,0.547275,0.542380,0.016728,-0.002692,-0.839962
1640841646695739904,-2.213396,-0.321395,0.547197,0.542386,0.016720,-0.002674,-0.839959
1640841646697110016,-2.213460,-0.321404,0.546994,0.542402,0.016699,-0.002630,-0.839949
1640841646700800000,-2.213634,-0.321427,0.546451,0.542436,0.016634,-0.002544,-0.839929
1640841646701870080,-2.213685,-0.321434,0.546294,0.542442,0.016611,-0.002528,-0.839925
1640841646705900032,-2.213877,-0.321459,0.545707,0.542456,0.016523,-0.002496,-0.839918
1640841646708499968,-2.214002,-0.321476,0.545330,0.542457,0.016471,-0.002492,-0.839918
1640841646710779904,-2.214113,-0.321491,0.545001,0.542455,0.016436,-0.002494,-0.839920
1640841646711879936,-2.214166,-0.321498,0.544843,0.542454,0.016423,-0.002496,-0.839921
1640841646715829760,-2.214359,-0.321524,0.544277,0.542448,0.016392,-0.002509,-0.839926
1640841646716899840,-2.214412,-0.321531,0.544125,0.542447,0.016387,-0.002515,-0.839926
1640841646721109760,-2.214620,-0.321559,0.543528,0.542453,0.016374,-0.002549,-0.839922
1640841646722640128,-2.214696,-0.321569,0.543312,0.542460,0.016370,-0.002565,-0.839918
1640841646727830016,-2.214957,-0.321604,0.542585,0.542488,0.016348,-0.002627,-0.839900
1640841646728969728,-2.215014,-0.321612,0.542426,0.542493,0.016339,-0.002640,-0.839897
1640841646732019968,-2.215169,-0.321632,0.542003,0.542502,0.016305,-0.002668,-0.839892
1640841646732909824,-2.215214,-0.321639,0.541880,0.542502,0.016292,-0.002674,-0.839892
1640841646735829760,-2.215363,-0.321659,0.541478,0.542501,0.016239,-0.002689,-0.839894
1640841646736940032,-2.215420,-0.321666,0.541326,0.542501,0.016215,-0.002694,-0.839894
1640841646740880128,-2.215623,-0.321694,0.540788,0.542513,0.016117,-0.002717,-0.839888
1640841646742539776,-2.215708,-0.321706,0.540563,0.542523,0.016071,-0.002728,-0.839883
1640841646745979904,-2.215887,-0.321730,0.540098,0.542548,0.015968,-0.002746,-0.839868
1640841646746939904,-2.215937,-0.321737,0.539969,0.542555,0.015938,-0.002749,-0.839864
1640841646750779904,-2.216139,-0.321765,0.539455,0.542576,0.015816,-0.002743,-0.839853
1640841646751859968,-2.216195,-0.321773,0.539311,0.542580,0.015780,-0.002736,-0.839851
1640841646755839744,-2.216406,-0.321802,0.538783,0.542590,0.015642,-0.002693,-0.839848
1640841646756960000,-2.216465,-0.321810,0.538635,0.542593,0.015601,-0.002677,-0.839847
1640841646763510016,-2.216815,-0.321859,0.537777,0.542622,0.015329,-0.002549,-0.839833
1640841646763959808,-2.216839,-0.321862,0.537719,0.542625,0.015310,-0.002539,-0.839832
1640841646765779968,-2.216937,-0.321876,0.537482,0.542636,0.015235,-0.002496,-0.839826
1640841646766889728,-2.216997,-0.321884,0.537339,0.542643,0.015192,-0.002470,-0.839823
1640841646771030016,-2.217221,-0.321916,0.536806,0.542666,0.015064,-0.002370,-0.839810
1640841646772029952,-2.217275,-0.321924,0.536678,0.542671,0.015042,-0.002348,-0.839808
1640841646775800064,-2.217480,-0.321953,0.536197,0.542685,0.014981,-0.002277,-0.839799
1640841646776999936,-2.217546,-0.321962,0.536045,0.542689,0.014966,-0.002262,-0.839797
1640841646780839936,-2.217757,-0.321992,0.535560,0.542701,0.014925,-0.002252,-0.839790
1640841646781859840,-2.217813,-0.322000,0.535432,0.542704,0.014913,-0.002260,-0.839788
1640841646785789952,-2.218030,-0.322032,0.534941,0.542714,0.014871,-0.002313,-0.839782
1640841646786909696,-2.218092,-0.322041,0.534801,0.542717,0.014861,-0.002328,-0.839781
1640841646790880000,-2.218312,-0.322073,0.534310,0.542719,0.014842,-0.002351,-0.839780
1640841646795949824,-2.218595,-0.322114,0.533688,0.542715,0.014849,-0.002316,-0.839782
1640841646796739840,-2.218640,-0.322121,0.533592,0.542715,0.014851,-0.002308,-0.839783
1640841646797499904,-2.218682,-0.322127,0.533500,0.542714,0.014853,-0.002302,-0.839783
1640841646800789760,-2.218867,-0.322155,0.533101,0.542716,0.014861,-0.002284,-0.839782
1640841646801869824,-2.218928,-0.322164,0.532971,0.542717,0.014862,-0.002284,-0.839781
1640841646805889792,-2.219155,-0.322198,0.532488,0.542722,0.014858,-0.002315,-0.839778
1640841646807899904,-2.219268,-0.322215,0.532249,0.542720,0.014851,-0.002348,-0.839779
1640841646810799872,-2.219433,-0.322240,0.531905,0.542711,0.014834,-0.002417,-0.839785
1640841646811849728,-2.219493,-0.322249,0.531780,0.542705,0.014826,-0.002446,-0.839789
1640841646815789824,-2.219717,-0.322284,0.531317,0.542681,0.014783,-0.002558,-0.839805
1640841646816910080,-2.219781,-0.322293,0.531186,0.542673,0.014767,-0.002587,-0.839810
1640841646820979712,-2.220014,-0.322330,0.530713,0.542653,0.014692,-0.002656,-0.839825
1640841646821959936,-2.220070,-0.322338,0.530600,0.542649,0.014670,-0.002663,-0.839827
1640841646825850112,-2.220293,-0.322374,0.530153,0.542639,0.014568,-0.002664,-0.839835
1640841646830179840,-2.220542,-0.322413,0.529659,0.542622,0.014440,-0.002645,-0.839849
1640841646830880000,-2.220583,-0.322420,0.529580,0.542618,0.014419,-0.002642,-0.839852
1640841646831869952,-2.220640,-0.322429,0.529468,0.542611,0.014387,-0.002639,-0.839857
1640841646836160000,-2.220888,-0.322469,0.528985,0.542582,0.014239,-0.002625,-0.839878
1640841646837549824,-2.220968,-0.322482,0.528829,0.542574,0.014185,-0.002619,-0.839884
1640841646841590016,-2.221203,-0.322521,0.528380,0.542561,0.014008,-0.002594,-0.839896
1640841646843159808,-2.221294,-0.322536,0.528207,0.542559,0.013933,-0.002579,-0.839898
1640841646845759744,-2.221445,-0.322562,0.527921,0.542556,0.013809,-0.002546,-0.839902
1640841646846940160,-2.221514,-0.322573,0.527792,0.542554,0.013754,-0.002526,-0.839905
1640841646850759936,-2.221737,-0.322611,0.527376,0.542538,0.013591,-0.002438,-0.839918
1640841646851869696,-2.221802,-0.322622,0.527256,0.542530,0.013549,-0.002405,-0.839924
1640841646855929856,-2.222039,-0.322663,0.526819,0.542494,0.013416,-0.002266,-0.839949
1640841646856969728,-2.222100,-0.322674,0.526708,0.542486,0.013385,-0.002229,-0.839955
1640841646861339904,-2.222357,-0.322718,0.526243,0.542467,0.013249,-0.002081,-0.839970
1640841646862319872,-2.222415,-0.322729,0.526139,0.542468,0.013217,-0.002052,-0.839970
1640841646865829888,-2.222621,-0.322765,0.525770,0.542474,0.013102,-0.001953,-0.839968
1640841646866889984,-2.222684,-0.322777,0.525659,0.542475,0.013068,-0.001925,-0.839968
1640841646870899968,-2.222921,-0.322819,0.525242,0.542468,0.012952,-0.001816,-0.839975
1640841646871939840,-2.222982,-0.322830,0.525134,0.542463,0.012926,-0.001788,-0.839979
1640841646876659968,-2.223262,-0.322882,0.524649,0.542426,0.012838,-0.001673,-0.840004
1640841646877250048,-2.223297,-0.322888,0.524589,0.542421,0.012831,-0.001661,-0.840007
1640841646880780032,-2.223506,-0.322927,0.524230,0.542390,0.012814,-0.001605,-0.840028
1640841646881860096,-2.223570,-0.322939,0.524121,0.542381,0.012817,-0.001595,-0.840033
1640841646886169856,-2.223827,-0.322987,0.523688,0.542351,0.012843,-0.001567,-0.840053
1640841646887929856,-2.223932,-0.323007,0.523512,0.542340,0.012851,-0.001556,-0.840060
1640841646890929920,-2.224111,-0.323042,0.523214,0.542322,0.012846,-0.001530,-0.840071
1640841646895959808,-2.224412,-0.323100,0.522719,0.542291,0.012807,-0.001476,-0.840092
1640841646896679936,-2.224455,-0.323108,0.522649,0.542286,0.012802,-0.001469,-0.840095
1640841646897229824,-2.224488,-0.323115,0.522595,0.542282,0.012798,-0.001464,-0.840098
1640841646900739840,-2.224698,-0.323156,0.522255,0.542251,0.012785,-0.001442,-0.840118
1640841646901880064,-2.224767,-0.323170,0.522145,0.542240,0.012785,-0.001438,-0.840125
1640841646905989888,-2.225014,-0.323219,0.521750,0.542193,0.012798,-0.001437,-0.840155
1640841646907330048,-2.225095,-0.323236,0.521623,0.542178,0.012803,-0.001438,-0.840165
1640841646910759936,-2.225301,-0.323278,0.521297,0.542138,0.012809,-0.001441,-0.840190
1640841646911900160,-2.225370,-0.323292,0.521190,0.542126,0.012808,-0.001440,-0.840198
1640841646915750144,-2.225602,-0.323340,0.520829,0.542089,0.012791,-0.001420,-0.840222
1640841646916899840,-2.225672,-0.323354,0.520722,0.542080,0.012783,-0.001407,-0.840228
1640841646920869888,-2.225912,-0.323405,0.520354,0.542056,0.012738,-0.001325,-0.840245
1640841646922009856,-2.225981,-0.323419,0.520249,0.542052,0.012722,-0.001290,-0.840248
1640841646926339840,-2.226243,-0.323475,0.519853,0.542037,0.012647,-0.001124,-0.840259
1640841646928999936,-2.226404,-0.323510,0.519612,0.542022,0.012596,-0.001013,-0.840269
1640841646930739968,-2.226510,-0.323533,0.519455,0.542007,0.012563,-0.000944,-0.840279
1640841646931889920,-2.226579,-0.323548,0.519352,0.541995,0.012541,-0.000902,-0.840288
1640841646935859968,-2.226821,-0.323601,0.518997,0.541945,0.012478,-0.000766,-0.840321
1640841646937619968,-2.226928,-0.323625,0.518841,0.541923,0.012457,-0.000707,-0.840336
1640841646940889856,-2.227127,-0.323670,0.518552,0.541891,0.012439,-0.000596,-0.840356
1640841646941969920,-2.227192,-0.323684,0.518458,0.541884,0.012439,-0.000558,-0.840361
1640841646945769984,-2.227424,-0.323737,0.518126,0.541870,0.012453,-0.000427,-0.840370
1640841646946919936,-2.227494,-0.323753,0.518027,0.541866,0.012459,-0.000391,-0.840372
1640841646950729728,-2.227727,-0.323807,0.517699,0.541853,0.012472,-0.000296,-0.840381
1640841646951949824,-2.227801,-0.323824,0.517594,0.541847,0.012473,-0.000274,-0.840385
1640841646955960064,-2.228046,-0.323882,0.517253,0.541822,0.012475,-0.000219,-0.840401
1640841646956979968,-2.228108,-0.323897,0.517167,0.541815,0.012477,-0.000208,-0.840405
1640841646961839872,-2.228406,-0.323968,0.516759,0.541782,0.012508,-0.000147,-0.840426
1640841646962699776,-2.228458,-0.323981,0.516688,0.541776,0.012518,-0.000135,-0.840430
1640841646965769984,-2.228647,-0.324026,0.516433,0.541758,0.012565,-0.000089,-0.840440
1640841646966879744,-2.228715,-0.324043,0.516342,0.541753,0.012586,-0.000073,-0.840444
1640841646971209984,-2.228980,-0.324109,0.515987,0.541735,0.012680,-0.000016,-0.840453
1640841646972679936,-2.229070,-0.324131,0.515867,0.541731,0.012716,-0.000001,-0.840456
1640841646975919872,-2.229269,-0.324181,0.515606,0.541721,0.012796,0.000024,-0.840461
1640841646976899840,-2.229329,-0.324196,0.515527,0.541718,0.012820,0.000030,-0.840463
1640841646980739840,-2.229565,-0.324257,0.515220,0.541698,0.012905,0.000043,-0.840474
1640841646981890048,-2.229636,-0.324275,0.515129,0.541689,0.012927,0.000044,-0.840479
1640841646986080000,-2.229894,-0.324342,0.514799,0.541655,0.012993,0.000043,-0.840501
1640841646987000064,-2.229950,-0.324357,0.514727,0.541647,0.013004,0.000042,-0.840505
1640841646990889984,-2.230189,-0.324420,0.514424,0.541620,0.013044,0.000045,-0.840522
1640841646991930112,-2.230254,-0.324437,0.514343,0.541614,0.013053,0.000048,-0.840526
1640841646995829760,-2.230494,-0.324502,0.514044,0.541600,0.013077,0.000078,-0.840535
1640841646996919808,-2.230561,-0.324520,0.513961,0.541597,0.013082,0.000093,-0.840536
1640841647001009920,-2.230813,-0.324589,0.513651,0.541592,0.013096,0.000183,-0.840539
1640841647002299904,-2.230892,-0.324611,0.513554,0.541592,0.013099,0.000224,-0.840540
1640841647006070016,-2.231124,-0.324676,0.513272,0.541591,0.013097,0.000363,-0.840540
1640841647007010048,-2.231182,-0.324692,0.513202,0.541591,0.013093,0.000400,-0.840540
1640841647010759936,-2.231414,-0.324758,0.512926,0.541588,0.013056,0.000546,-0.840543
1640841647011879936,-2.231483,-0.324777,0.512843,0.541586,0.013040,0.000588,-0.840544
1640841647015759872,-2.231722,-0.324846,0.512561,0.541579,0.012980,0.000732,-0.840549
1640841647016950016,-2.231796,-0.324868,0.512475,0.541577,0.012965,0.000776,-0.840551
1640841647020859904,-2.232037,-0.324939,0.512194,0.541573,0.012940,0.000928,-0.840554
1640841647022230016,-2.232121,-0.324964,0.512096,0.541572,0.012942,0.000983,-0.840554
1640841647026870016,-2.232408,-0.325049,0.511768,0.541571,0.012979,0.001177,-0.840554
1640841647028689920,-2.232520,-0.325083,0.511641,0.541571,0.013005,0.001255,-0.840553
1640841647030969856,-2.232661,-0.325126,0.511482,0.541571,0.013043,0.001353,-0.840553
1640841647031970048,-2.232723,-0.325145,0.511412,0.541571,0.013062,0.001396,-0.840552
1640841647036019968,-2.232973,-0.325222,0.511133,0.541568,0.013143,0.001563,-0.840553
1640841647037689856,-2.233077,-0.325255,0.511019,0.541564,0.013178,0.001625,-0.840555
1640841647041100032,-2.233288,-0.325321,0.510788,0.541552,0.013246,0.001736,-0.840561
1640841647041990144,-2.233343,-0.325338,0.510728,0.541547,0.013263,0.001760,-0.840564
1640841647045889792,-2.233584,-0.325415,0.510467,0.541522,0.013332,0.001843,-0.840579
1640841647046899968,-2.233647,-0.325435,0.510399,0.541515,0.013349,0.001858,-0.840583
1640841647050889984,-2.233894,-0.325515,0.510136,0.541490,0.013419,0.001889,-0.840598
1640841647051889920,-2.233956,-0.325535,0.510070,0.541484,0.013437,0.001891,-0.840601
1640841647055899904,-2.234204,-0.325617,0.509809,0.541464,0.013522,0.001877,-0.840613
1640841647056969984,-2.234270,-0.325639,0.509740,0.541457,0.013548,0.001870,-0.840617
1640841647061420032,-2.234546,-0.325731,0.509454,0.541421,0.013684,0.001839,-0.840638
1640841647061899776,-2.234576,-0.325741,0.509423,0.541416,0.013700,0.001835,-0.840641
1640841647065809920,-2.234818,-0.325823,0.509176,0.541371,0.013839,0.001809,-0.840668
1640841647066929920,-2.234888,-0.325847,0.509105,0.541358,0.013876,0.001801,-0.840676
1640841647071739904,-2.235186,-0.325949,0.508806,0.541305,0.013992,0.001763,-0.840708
1640841647072339968,-2.235223,-0.325962,0.508769,0.541300,0.014001,0.001758,-0.840711
1640841647078650112,-2.235615,-0.326099,0.508382,0.541240,0.014081,0.001704,-0.840748
1640841647079269888,-2.235653,-0.326113,0.508345,0.541234,0.014089,0.001699,-0.840752
1640841647081329920,-2.235781,-0.326159,0.508220,0.541214,0.014121,0.001683,-0.840765
1640841647082099968,-2.235829,-0.326176,0.508174,0.541206,0.014134,0.001678,-0.840770
1640841647085779968,-2.236057,-0.326258,0.507955,0.541166,0.014194,0.001667,-0.840794
1640841647086949888,-2.236129,-0.326284,0.507885,0.541153,0.014209,0.001671,-0.840802
1640841647090839808,-2.236371,-0.326372,0.507656,0.541110,0.014226,0.001723,-0.840830
1640841647094709760,-2.236611,-0.326461,0.507431,0.541068,0.014180,0.001840,-0.840857
1640841647096599808,-2.236728,-0.326505,0.507323,0.541049,0.014147,0.001906,-0.840870
1640841647098639872,-2.236854,-0.326552,0.507206,0.541031,0.014116,0.001972,-0.840882
1640841647100729856,-2.236984,-0.326601,0.507087,0.541013,0.014094,0.002030,-0.840893
1640841647101899776,-2.237056,-0.326629,0.507021,0.541005,0.014087,0.002059,-0.840899
1640841647105839872,-2.237301,-0.326722,0.506799,0.540978,0.014084,0.002148,-0.840916
1640841647106969856,-2.237371,-0.326749,0.506736,0.540971,0.014089,0.002173,-0.840920
1640841647110739968,-2.237605,-0.326840,0.506528,0.540949,0.014126,0.002272,-0.840934
1640841647111899904,-2.237676,-0.326868,0.506464,0.540943,0.014143,0.002306,-0.840937
1640841647115789824,-2.237918,-0.326963,0.506252,0.540920,0.014207,0.002423,-0.840950
1640841647116950016,-2.237989,-0.326992,0.506189,0.540914,0.014226,0.002454,-0.840954
1640841647121189888,-2.238252,-0.327097,0.505962,0.540888,0.014291,0.002536,-0.840970
1640841647122659840,-2.238343,-0.327133,0.505884,0.540878,0.014310,0.002552,-0.840975
1640841647127759872,-2.238659,-0.327262,0.505617,0.540844,0.014376,0.002569,-0.840996
1640841647128409856,-2.238700,-0.327279,0.505583,0.540840,0.014385,0.002569,-0.840999
1640841647130899968,-2.238854,-0.327342,0.505454,0.540823,0.014427,0.002565,-0.841009
1640841647131899904,-2.238916,-0.327368,0.505402,0.540816,0.014445,0.002563,-0.841013
1640841647135740160,-2.239153,-0.327467,0.505206,0.540791,0.014524,0.002546,-0.841028
1640841647137029888,-2.239233,-0.327501,0.505141,0.540783,0.014551,0.002538,-0.841033
1640841647140879872,-2.239472,-0.327602,0.504948,0.540759,0.014632,0.002501,-0.841047
1640841647142149888,-2.239550,-0.327636,0.504885,0.540751,0.014658,0.002484,-0.841051
1640841647146119936,-2.239796,-0.327741,0.504689,0.540725,0.014734,0.002421,-0.841067
1640841647146960128,-2.239848,-0.327764,0.504648,0.540719,0.014750,0.002406,-0.841071
1640841647150769920,-2.240083,-0.327867,0.504463,0.540683,0.014828,0.002333,-0.841093
1640841647151889920,-2.240153,-0.327897,0.504410,0.540670,0.014853,0.002311,-0.841101
1640841647155840000,-2.240397,-0.328005,0.504221,0.540620,0.014938,0.002235,-0.841131
1640841647156979968,-2.240467,-0.328037,0.504168,0.540608,0.014959,0.002214,-0.841138
1640841647160919808,-2.240710,-0.328146,0.503983,0.540585,0.015003,0.002146,-0.841153
1640841647162799872,-2.240826,-0.328199,0.503896,0.540585,0.015008,0.002118,-0.841153
1640841647165789952,-2.241011,-0.328283,0.503759,0.540590,0.014999,0.002085,-0.841150
1640841647166990080,-2.241085,-0.328317,0.503705,0.540592,0.014992,0.002077,-0.841149
1640841647171180032,-2.241343,-0.328437,0.503516,0.540586,0.014957,0.002076,-0.841153
1640841647172420096,-2.241420,-0.328473,0.503461,0.540581,0.014944,0.002084,-0.841157
1640841647175750144,-2.241625,-0.328569,0.503313,0.540560,0.014906,0.002118,-0.841171
1640841647177029888,-2.241704,-0.328607,0.503257,0.540552,0.014889,0.002134,-0.841176
1640841647180780032,-2.241935,-0.328717,0.503095,0.540530,0.014828,0.002185,-0.841191
1640841647181910016,-2.242005,-0.328750,0.503046,0.540527,0.014807,0.002200,-0.841194
1640841647185750016,-2.242241,-0.328864,0.502883,0.540524,0.014726,0.002248,-0.841197
1640841647187150080,-2.242327,-0.328906,0.502824,0.540527,0.014697,0.002269,-0.841195
1640841647190899968,-2.242558,-0.329019,0.502667,0.540544,0.014636,0.002342,-0.841185
1640841647196189952,-2.242884,-0.329181,0.502451,0.540577,0.014598,0.002489,-0.841164
1640841647196800000,-2.242921,-0.329200,0.502426,0.540581,0.014595,0.002506,-0.841162
1640841647197259776,-2.242950,-0.329214,0.502408,0.540583,0.014594,0.002518,-0.841160
1640841647200719872,-2.243163,-0.329321,0.502269,0.540594,0.014581,0.002600,-0.841153
1640841647201910016,-2.243236,-0.329358,0.502222,0.540595,0.014577,0.002621,-0.841152
1640841647205900032,-2.243481,-0.329483,0.502066,0.540591,0.014566,0.002666,-0.841155
1640841647207010048,-2.243550,-0.329518,0.502023,0.540589,0.014565,0.002671,-0.841156
1640841647210850048,-2.243786,-0.329640,0.501875,0.540583,0.014575,0.002664,-0.841160
1640841647211959808,-2.243854,-0.329676,0.501833,0.540583,0.014581,0.002656,-0.841160
1640841647215780096,-2.244090,-0.329798,0.501689,0.540584,0.014609,0.002611,-0.841159
1640841647216929792,-2.244160,-0.329836,0.501647,0.540586,0.014618,0.002594,-0.841158
1640841647220899840,-2.244405,-0.329965,0.501501,0.540597,0.014643,0.002529,-0.841151
1640841647221939968,-2.244469,-0.329999,0.501463,0.540601,0.014646,0.002512,-0.841148
1640841647226039808,-2.244721,-0.330134,0.501315,0.540620,0.014644,0.002449,-0.841136
1640841647227979776,-2.244841,-0.330198,0.501246,0.540629,0.014641,0.002419,-0.841130
1640841647230759936,-2.245012,-0.330291,0.501149,0.540637,0.014645,0.002371,-0.841125
1640841647231909888,-2.245083,-0.330329,0.501109,0.540638,0.014651,0.002348,-0.841125
1640841647235780096,-2.245321,-0.330459,0.500976,0.540635,0.014675,0.002260,-0.841126
1640841647237819904,-2.245447,-0.330528,0.500906,0.540633,0.014684,0.002208,-0.841128
1640841647241649920,-2.245683,-0.330659,0.500778,0.540634,0.014673,0.002097,-0.841128
1640841647243079936,-2.245771,-0.330708,0.500730,0.540636,0.014660,0.002053,-0.841126
1640841647245769984,-2.245937,-0.330801,0.500642,0.540645,0.014629,0.001974,-0.841121
1640841647246959872,-2.246011,-0.330842,0.500604,0.540651,0.014616,0.001942,-0.841118
1640841647250749952,-2.246245,-0.330973,0.500482,0.540675,0.014589,0.001861,-0.841103
1640841647251940096,-2.246318,-0.331015,0.500444,0.540684,0.014585,0.001844,-0.841097
1640841647255889920,-2.246562,-0.331154,0.500320,0.540717,0.014578,0.001804,-0.841076
1640841647257689856,-2.246673,-0.331217,0.500264,0.540731,0.014571,0.001794,-0.841067
1640841647262019840,-2.246940,-0.331371,0.500132,0.540758,0.014519,0.001776,-0.841051
1640841647262639872,-2.246978,-0.331393,0.500113,0.540761,0.014507,0.001775,-0.841049
1640841647265779968,-2.247172,-0.331506,0.500019,0.540777,0.014436,0.001768,-0.841040
1640841647266929920,-2.247243,-0.331547,0.499985,0.540784,0.014407,0.001767,-0.841036
1640841647270880000,-2.247487,-0.331690,0.499869,0.540816,0.014304,0.001771,-0.841017
1640841647271970048,-2.247555,-0.331730,0.499837,0.540828,0.014276,0.001773,-0.841010
1640841647275939840,-2.247800,-0.331875,0.499723,0.540876,0.014186,0.001776,-0.840981
1640841647277159936,-2.247876,-0.331920,0.499689,0.540891,0.014164,0.001772,-0.840972
1640841647280799744,-2.248101,-0.332054,0.499587,0.540931,0.014115,0.001739,-0.840947
1640841647281879808,-2.248167,-0.332094,0.499557,0.540940,0.014107,0.001721,-0.840941
1640841647285779968,-2.248409,-0.332238,0.499450,0.540964,0.014095,0.001640,-0.840926
1640841647287279872,-2.248502,-0.332294,0.499410,0.540970,0.014092,0.001612,-0.840923
1640841647290939904,-2.248728,-0.332431,0.499312,0.540978,0.014076,0.001577,-0.840918
1640841647296599808,-2.249078,-0.332645,0.499164,0.540985,0.014029,0.001565,-0.840913
1640841647297319936,-2.249123,-0.332672,0.499145,0.540987,0.014023,0.001558,-0.840913
1640841647297869824,-2.249157,-0.332693,0.499131,0.540989,0.014019,0.001552,-0.840912
1640841647301029888,-2.249353,-0.332814,0.499050,0.541001,0.013999,0.001486,-0.840904
1640841647301929984,-2.249408,-0.332848,0.499027,0.541005,0.013994,0.001459,-0.840902
1640841647305949952,-2.249657,-0.333002,0.498927,0.541024,0.013971,0.001323,-0.840890
1640841647307169792,-2.249733,-0.333049,0.498896,0.541028,0.013962,0.001280,-0.840887
1640841647310979840,-2.249969,-0.333196,0.498803,0.541037,0.013924,0.001162,-0.840883
1640841647311889920,-2.250025,-0.333231,0.498781,0.541037,0.013913,0.001140,-0.840883
1640841647315749888,-2.250264,-0.333381,0.498689,0.541037,0.013853,0.001068,-0.840884
1640841647316939776,-2.250337,-0.333428,0.498660,0.541038,0.013833,0.001053,-0.840884
1640841647320849920,-2.250579,-0.333580,0.498569,0.541048,0.013762,0.001027,-0.840879
1640841647322219776,-2.250664,-0.333634,0.498537,0.541054,0.013736,0.001024,-0.840875
1640841647329059840,-2.251087,-0.333904,0.498381,0.541097,0.013574,0.001037,-0.840850
1640841647329919744,-2.251140,-0.333938,0.498362,0.541102,0.013548,0.001039,-0.840847
1640841647330739968,-2.251191,-0.333970,0.498344,0.541106,0.013522,0.001041,-0.840845
1640841647331949824,-2.251266,-0.334018,0.498317,0.541113,0.013482,0.001043,-0.840841
1640841647335779840,-2.251503,-0.334171,0.498232,0.541133,0.013357,0.001049,-0.840830
1640841647337580032,-2.251614,-0.334243,0.498193,0.541145,0.013307,0.001052,-0.840824
1640841647340869888,-2.251817,-0.334374,0.498123,0.541172,0.013242,0.001060,-0.840807
1640841647342000128,-2.251887,-0.334420,0.498099,0.541183,0.013228,0.001062,-0.840800
1640841647345799936,-2.252122,-0.334572,0.498018,0.541219,0.013200,0.001058,-0.840777
1640841647347009792,-2.252196,-0.334621,0.497993,0.541229,0.013193,0.001050,-0.840771
1640841647350779904,-2.252429,-0.334773,0.497915,0.541250,0.013168,0.000993,-0.840758
1640841647351960064,-2.252502,-0.334821,0.497891,0.541254,0.013158,0.000965,-0.840756
1640841647362279936,-2.253138,-0.335240,0.497686,0.541269,0.013124,0.000655,-0.840747
1640841647362949888,-2.253179,-0.335268,0.497672,0.541270,0.013127,0.000636,-0.840746
1640841647363489792,-2.253212,-0.335290,0.497662,0.541272,0.013131,0.000620,-0.840745
1640841647363849984,-2.253234,-0.335305,0.497655,0.541272,0.013133,0.000610,-0.840744
1640841647365759744,-2.253352,-0.335383,0.497618,0.541277,0.013146,0.000553,-0.840742
1640841647366979840,-2.253427,-0.335433,0.497595,0.541278,0.013154,0.000516,-0.840740
1640841647371239936,-2.253689,-0.335607,0.497514,0.541273,0.013161,0.000374,-0.840744
1640841647372079872,-2.253740,-0.335642,0.497499,0.541270,0.013158,0.000343,-0.840746
1640841647375830016,-2.253970,-0.335796,0.497429,0.541254,0.013131,0.000201,-0.840757
1640841647377049856,-2.254045,-0.335846,0.497407,0.541249,0.013118,0.000155,-0.840760
1640841647380790016,-2.254275,-0.336000,0.497339,0.541243,0.013073,0.000018,-0.840765
1640841647381889792,-2.254342,-0.336046,0.497319,0.541243,0.013058,-0.000020,-0.840765
1640841647386329856,-2.254614,-0.336229,0.497241,0.541253,0.012989,-0.000161,-0.840759
1640841647388439808,-2.254743,-0.336317,0.497204,0.541258,0.012950,-0.000221,-0.840757
1640841647390990080,-2.254899,-0.336422,0.497161,0.541263,0.012895,-0.000289,-0.840755
1640841647392209920,-2.254974,-0.336473,0.497140,0.541264,0.012866,-0.000318,-0.840754
1640841647395789824,-2.255192,-0.336622,0.497080,0.541267,0.012778,-0.000396,-0.840754
1640841647396930048,-2.255262,-0.336669,0.497061,0.541268,0.012749,-0.000417,-0.840753
1640841647400879872,-2.255503,-0.336833,0.496996,0.541278,0.012655,-0.000476,-0.840748
1640841647402700032,-2.255614,-0.336909,0.496967,0.541286,0.012614,-0.000495,-0.840744
1640841647405859840,-2.255806,-0.337041,0.496917,0.541300,0.012542,-0.000519,-0.840736
1640841647407049984,-2.255879,-0.337091,0.496898,0.541305,0.012514,-0.000525,-0.840733
1640841647410759936,-2.256104,-0.337246,0.496841,0.541317,0.012418,-0.000540,-0.840727
1640841647411919872,-2.256175,-0.337294,0.496824,0.541319,0.012385,-0.000544,-0.840726
1640841647415779840,-2.256409,-0.337456,0.496766,0.541323,0.012270,-0.000559,-0.840725
1640841647417009920,-2.256484,-0.337507,0.496748,0.541324,0.012233,-0.000566,-0.840725
1640841647421120000,-2.256733,-0.337679,0.496688,0.541331,0.012117,-0.000601,-0.840722
1640841647422089728,-2.256791,-0.337720,0.496675,0.541334,0.012092,-0.000613,-0.840720
1640841647427899904,-2.257143,-0.337963,0.496594,0.541348,0.011972,-0.000706,-0.840713
1640841647428649984,-2.257188,-0.337995,0.496584,0.541348,0.011961,-0.000720,-0.840713
1640841647430749952,-2.257315,-0.338083,0.496556,0.541345,0.011934,-0.000759,-0.840716
1640841647431910144,-2.257385,-0.338132,0.496540,0.541341,0.011922,-0.000781,-0.840718
1640841647435809792,-2.257620,-0.338296,0.496490,0.541321,0.011892,-0.000868,-0.840732
1640841647437110016,-2.257698,-0.338350,0.496473,0.541313,0.011884,-0.000903,-0.840737
1640841647441429760,-2.257958,-0.338532,0.496420,0.541291,0.011855,-0.001050,-0.840751
1640841647441959936,-2.257990,-0.338554,0.496413,0.541290,0.011850,-0.001071,-0.840752
1640841647445750016,-2.258218,-0.338713,0.496368,0.541279,0.011812,-0.001236,-0.840759
1640841647446970112,-2.258291,-0.338765,0.496354,0.541276,0.011797,-0.001290,-0.840761
1640841647450799872,-2.258521,-0.338926,0.496311,0.541269,0.011739,-0.001450,-0.840766
1640841647451990016,-2.258592,-0.338976,0.496297,0.541267,0.011717,-0.001495,-0.840768
1640841647455919872,-2.258827,-0.339141,0.496255,0.541258,0.011631,-0.001629,-0.840774
1640841647457679872,-2.258932,-0.339215,0.496237,0.541254,0.011585,-0.001682,-0.840777
1640841647460859904,-2.259122,-0.339349,0.496204,0.541247,0.011490,-0.001769,-0.840783
1640841647461920000,-2.259186,-0.339393,0.496194,0.541245,0.011455,-0.001796,-0.840785
1640841647465900032,-2.259423,-0.339561,0.496156,0.541238,0.011310,-0.001887,-0.840791
1640841647467039744,-2.259491,-0.339609,0.496145,0.541237,0.011265,-0.001911,-0.840792
1640841647470889728,-2.259720,-0.339770,0.496110,0.541240,0.011108,-0.001989,-0.840792
1640841647472000000,-2.259786,-0.339817,0.496101,0.541242,0.011062,-0.002009,-0.840791
1640841647475809792,-2.260012,-0.339977,0.496069,0.541256,0.010911,-0.002069,-0.840785
1640841647476940032,-2.260079,-0.340025,0.496059,0.541261,0.010870,-0.002082,-0.840782
1640841647481119744,-2.260327,-0.340200,0.496027,0.541282,0.010748,-0.002099,-0.840770
1640841647481920000,-2.260374,-0.340234,0.496021,0.541286,0.010729,-0.002097,-0.840767
1640841647486240000,-2.260630,-0.340415,0.495990,0.541310,0.010641,-0.002070,-0.840753
1640841647489549824,-2.260825,-0.340554,0.495968,0.541327,0.010571,-0.002046,-0.840743
1640841647490729728,-2.260895,-0.340604,0.495960,0.541333,0.010542,-0.002040,-0.840740
1640841647491930112,-2.260966,-0.340654,0.495953,0.541338,0.010510,-0.002035,-0.840737
1640841647495790080,-2.261193,-0.340816,0.495930,0.541358,0.010396,-0.002041,-0.840726
1640841647497129984,-2.261272,-0.340872,0.495922,0.541365,0.010355,-0.002051,-0.840721
1640841647500730112,-2.261484,-0.341022,0.495903,0.541389,0.010252,-0.002108,-0.840707
1640841647502129920,-2.261566,-0.341081,0.495896,0.541400,0.010215,-0.002141,-0.840700
1640841647505879808,-2.261787,-0.341238,0.495879,0.541430,0.010123,-0.002238,-0.840682
1640841647507059712,-2.261856,-0.341287,0.495874,0.541439,0.010095,-0.002268,-0.840676
1640841647510729984,-2.262071,-0.341440,0.495860,0.541461,0.010008,-0.002341,-0.840663
1640841647511919872,-2.262141,-0.341490,0.495855,0.541466,0.009978,-0.002356,-0.840660
1640841647515810048,-2.262369,-0.341652,0.495842,0.541476,0.009878,-0.002384,-0.840655
1640841647516960000,-2.262436,-0.341700,0.495839,0.541478,0.009848,-0.002391,-0.840654
1640841647520869888,-2.262665,-0.341863,0.495829,0.541490,0.009740,-0.002430,-0.840648
1640841647521999872,-2.262731,-0.341910,0.495826,0.541494,0.009707,-0.002447,-0.840645
1640841647525799936,-2.262952,-0.342068,0.495819,0.541514,0.009592,-0.002514,-0.840633
1640841647527399936,-2.263046,-0.342135,0.495816,0.541525,0.009540,-0.002540,-0.840627
1640841647530870016,-2.263248,-0.342279,0.495812,0.541550,0.009420,-0.002579,-0.840612
1640841647531929856,-2.263310,-0.342323,0.495811,0.541558,0.009381,-0.002586,-0.840607
1640841647535800064,-2.263535,-0.342483,0.495809,0.541592,0.009240,-0.002598,-0.840587
1640841647537390080,-2.263628,-0.342549,0.495809,0.541608,0.009183,-0.002600,-0.840577
1640841647540849920,-2.263829,-0.342692,0.495809,0.541644,0.009066,-0.002606,-0.840555
1640841647541969920,-2.263894,-0.342739,0.495810,0.541656,0.009032,-0.002610,-0.840547
1640841647545939968,-2.264125,-0.342903,0.495813,0.541701,0.008912,-0.002629,-0.840520
1640841647546969856,-2.264185,-0.342945,0.495815,0.541711,0.008881,-0.002636,-0.840513
1640841647550729984,-2.264403,-0.343100,0.495821,0.541746,0.008756,-0.002663,-0.840492
1640841647551960064,-2.264474,-0.343151,0.495823,0.541756,0.008711,-0.002673,-0.840487
1640841647557220096,-2.264779,-0.343367,0.495836,0.541785,0.008524,-0.002724,-0.840470
1640841647558310144,-2.264842,-0.343412,0.495839,0.541788,0.008490,-0.002737,-0.840468
1640841647561699840,-2.265039,-0.343551,0.495849,0.541797,0.008405,-0.002783,-0.840463
1640841647563180032,-2.265125,-0.343612,0.495855,0.541799,0.008377,-0.002805,-0.840461
1640841647565729792,-2.265272,-0.343716,0.495865,0.541804,0.008337,-0.002844,-0.840458
1640841647566959872,-2.265344,-0.343767,0.495870,0.541808,0.008320,-0.002864,-0.840456
1640841647570849792,-2.265569,-0.343926,0.495887,0.541825,0.008277,-0.002925,-0.840445
1640841647571980032,-2.265634,-0.343972,0.495893,0.541832,0.008266,-0.002942,-0.840441
1640841647575729920,-2.265851,-0.344125,0.495912,0.541857,0.008227,-0.003001,-0.840425
1640841647577440000,-2.265950,-0.344195,0.495922,0.541867,0.008208,-0.003028,-0.840419
1640841647580770048,-2.266142,-0.344331,0.495942,0.541879,0.008165,-0.003085,-0.840411
1640841647581929984,-2.266209,-0.344378,0.495949,0.541881,0.008148,-0.003105,-0.840410
1640841647586129920,-2.266452,-0.344549,0.495978,0.541887,0.008075,-0.003171,-0.840406
1640841647587780096,-2.266547,-0.344616,0.495990,0.541891,0.008043,-0.003190,-0.840404
1640841647591739904,-2.266776,-0.344776,0.496020,0.541916,0.007957,-0.003210,-0.840389
1640841647592460032,-2.266818,-0.344805,0.496026,0.541922,0.007940,-0.003209,-0.840385
1640841647596019968,-2.267023,-0.344950,0.496055,0.541965,0.007851,-0.003196,-0.840358
1640841647597029888,-2.267081,-0.344990,0.496064,0.541978,0.007824,-0.003191,-0.840350
1640841647600729856,-2.267295,-0.345140,0.496098,0.542030,0.007719,-0.003179,-0.840318
1640841647601929984,-2.267364,-0.345188,0.496109,0.542047,0.007684,-0.003178,-0.840307
1640841647606679808,-2.267637,-0.345379,0.496156,0.542106,0.007555,-0.003181,-0.840270
1640841647607599872,-2.267690,-0.345416,0.496165,0.542116,0.007533,-0.003180,-0.840264
1640841647610829824,-2.267876,-0.345546,0.496199,0.542146,0.007474,-0.003174,-0.840245
1640841647611929856,-2.267940,-0.345590,0.496211,0.542153,0.007460,-0.003169,-0.840240
1640841647615739904,-2.268159,-0.345743,0.496255,0.542177,0.007433,-0.003148,-0.840225
1640841647616930048,-2.268227,-0.345790,0.496268,0.542185,0.007429,-0.003142,-0.840221
1640841647620819712,-2.268451,-0.345945,0.496315,0.542215,0.007422,-0.003136,-0.840201
1640841647622040064,-2.268521,-0.345994,0.496331,0.542227,0.007421,-0.003139,-0.840193
1640841647626400000,-2.268771,-0.346167,0.496387,0.542267,0.007418,-0.003164,-0.840168
1640841647627719936,-2.268847,-0.346220,0.496404,0.542277,0.007417,-0.003175,-0.840161
1640841647630800128,-2.269023,-0.346342,0.496446,0.542291,0.007415,-0.003205,-0.840152
1640841647631919872,-2.269088,-0.346386,0.496462,0.542294,0.007414,-0.003217,-0.840150
1640841647636149760,-2.269330,-0.346553,0.496523,0.542296,0.007407,-0.003269,-0.840148
1640841647636979712,-2.269377,-0.346586,0.496535,0.542296,0.007405,-0.003280,-0.840149
1640841647640899840,-2.269601,-0.346740,0.496594,0.542295,0.007393,-0.003338,-0.840149
1640841647642220032,-2.269676,-0.346791,0.496614,0.542297,0.007388,-0.003360,-0.840148
1640841647645720064,-2.269875,-0.346928,0.496670,0.542305,0.007374,-0.003415,-0.840142
1640841647646960128,-2.269946,-0.346976,0.496690,0.542310,0.007369,-0.003433,-0.840139
1640841647650759936,-2.270162,-0.347124,0.496753,0.542329,0.007360,-0.003474,-0.840127
1640841647652179968,-2.270242,-0.347179,0.496777,0.542337,0.007358,-0.003484,-0.840121
1640841647656709888,-2.270498,-0.347354,0.496855,0.542366,0.007348,-0.003501,-0.840103
1640841647657359872,-2.270535,-0.347379,0.496866,0.542369,0.007345,-0.003502,-0.840101
1640841647661649920,-2.270776,-0.347544,0.496944,0.542386,0.007314,-0.003503,-0.840090
1640841647662179840,-2.270806,-0.347564,0.496953,0.542387,0.007309,-0.003503,-0.840089
1640841647665779712,-2.271008,-0.347701,0.497020,0.542394,0.007267,-0.003494,-0.840085
1640841647666980096,-2.271075,-0.347747,0.497043,0.542397,0.007253,-0.003487,-0.840084
1640841647671030016,-2.271300,-0.347900,0.497121,0.542414,0.007213,-0.003451,-0.840073
1640841647672859904,-2.271402,-0.347968,0.497157,0.542427,0.007199,-0.003425,-0.840065
1640841647675760128,-2.271563,-0.348077,0.497215,0.542450,0.007180,-0.003373,-0.840050
1640841647676989952,-2.271630,-0.348123,0.497240,0.542461,0.007171,-0.003346,-0.840044
1640841647680780032,-2.271839,-0.348263,0.497317,0.542491,0.007137,-0.003246,-0.840025
1640841647681939968,-2.271902,-0.348306,0.497341,0.542499,0.007124,-0.003211,-0.840020
1640841647686159872,-2.272132,-0.348461,0.497430,0.542525,0.007071,-0.003075,-0.840004
1640841647689740032,-2.272326,-0.348591,0.497507,0.542544,0.007030,-0.002965,-0.839993
1640841647692189952,-2.272457,-0.348680,0.497560,0.542556,0.007009,-0.002902,-0.839985
1640841647693270016,-2.272515,-0.348718,0.497584,0.542561,0.007004,-0.002879,-0.839982
1640841647696179968,-2.272670,-0.348822,0.497649,0.542573,0.007001,-0.002829,-0.839974
1640841647697659904,-2.272748,-0.348875,0.497682,0.542578,0.007008,-0.002809,-0.839971
1640841647701939712,-2.272973,-0.349026,0.497779,0.542581,0.007069,-0.002773,-0.839969
1640841647703449856,-2.273052,-0.349078,0.497813,0.542580,0.007104,-0.002764,-0.839970
1640841647706159872,-2.273192,-0.349172,0.497876,0.542577,0.007173,-0.002748,-0.839971
1640841647707119872,-2.273242,-0.349205,0.497898,0.542577,0.007197,-0.002742,-0.839971
1640841647714589952,-2.273621,-0.349458,0.498073,0.542608,0.007341,-0.002663,-0.839950
1640841647714999808,-2.273642,-0.349472,0.498083,0.542610,0.007347,-0.002659,-0.839949
1640841647715739904,-2.273679,-0.349496,0.498101,0.542613,0.007358,-0.002653,-0.839946
1640841647716969984,-2.273740,-0.349537,0.498130,0.542617,0.007376,-0.002644,-0.839943
1640841647720859904,-2.273931,-0.349664,0.498223,0.542614,0.007436,-0.002648,-0.839945
1640841647722169856,-2.273995,-0.349707,0.498254,0.542607,0.007459,-0.002660,-0.839949
1640841647725789952,-2.274169,-0.349823,0.498341,0.542583,0.007523,-0.002711,-0.839964
1640841647726990080,-2.274226,-0.349860,0.498370,0.542576,0.007544,-0.002731,-0.839968
1640841647730739712,-2.274402,-0.349977,0.498461,0.542571,0.007604,-0.002788,-0.839971
1640841647731920128,-2.274456,-0.350014,0.498490,0.542575,0.007620,-0.002802,-0.839968
1640841647736659968,-2.274672,-0.350157,0.498605,0.542600,0.007682,-0.002840,-0.839952
1640841647738210048,-2.274741,-0.350203,0.498642,0.542606,0.007701,-0.002844,-0.839947
1640841647743429888,-2.274968,-0.350355,0.498768,0.542601,0.007766,-0.002819,-0.839950
1640841647743859968,-2.274986,-0.350367,0.498779,0.542599,0.007771,-0.002815,-0.839951
1640841647745760000,-2.275066,-0.350421,0.498824,0.542591,0.007795,-0.002792,-0.839956
1640841647747000064,-2.275118,-0.350456,0.498854,0.542587,0.007809,-0.002775,-0.839959
1640841647750749952,-2.275272,-0.350559,0.498943,0.542589,0.007849,-0.002712,-0.839957
1640841647752260096,-2.275332,-0.350599,0.498979,0.542596,0.007866,-0.002686,-0.839953
1640841647756249856,-2.275488,-0.350704,0.499073,0.542616,0.007932,-0.002627,-0.839939
1640841647757769728,-2.275545,-0.350743,0.499108,0.542620,0.007971,-0.002615,-0.839936
1640841647762859776,-2.275732,-0.350870,0.499224,0.542602,0.008171,-0.002628,-0.839946
1640841647763330048,-2.275749,-0.350882,0.499235,0.542598,0.008191,-0.002632,-0.839948
1640841647765729792,-2.275833,-0.350939,0.499289,0.542582,0.008276,-0.002660,-0.839958
1640841647766989824,-2.275876,-0.350969,0.499317,0.542577,0.008303,-0.002675,-0.839961
1640841647771100160,-2.276013,-0.351063,0.499407,0.542587,0.008248,-0.002708,-0.839955
1640841647772249856,-2.276050,-0.351088,0.499431,0.542601,0.008181,-0.002709,-0.839946
1640841647775790080,-2.276159,-0.351165,0.499506,0.542661,0.007850,-0.002691,-0.839911
1640841647777019904,-2.276196,-0.351191,0.499532,0.542683,0.007697,-0.002676,-0.839898
1640841647780809984,-2.276306,-0.351268,0.499608,0.542733,0.007134,-0.002610,-0.839871
1640841647782990080,-2.276366,-0.351311,0.499651,0.542746,0.006758,-0.002559,-0.839866
1640841647785959936,-2.276444,-0.351367,0.499708,0.542753,0.006181,-0.002478,-0.839866
1640841647787899904,-2.276492,-0.351402,0.499744,0.542755,0.005764,-0.002420,-0.839868
1640841647791229952,-2.276572,-0.351460,0.499804,0.542762,0.004972,-0.002316,-0.839868
1640841647793280000,-2.276618,-0.351495,0.499840,0.542769,0.004438,-0.002251,-0.839867
1640841647795949824,-2.276676,-0.351538,0.499885,0.542774,0.003694,-0.002169,-0.839868
1640841647797639936,-2.276710,-0.351564,0.499912,0.542770,0.003197,-0.002119,-0.839873
1640841647800920064,-2.276773,-0.351613,0.499963,0.542737,0.002183,-0.002030,-0.839898
1640841647802609920,-2.276803,-0.351637,0.499988,0.542702,0.001638,-0.001989,-0.839921
1640841647806299904,-2.276865,-0.351687,0.500040,0.542611,0.000430,-0.001898,-0.839982
1640841647807639808,-2.276885,-0.351704,0.500058,0.542586,-0.000002,-0.001857,-0.839998
1640841647810819840,-2.276931,-0.351743,0.500098,0.542573,-0.000981,-0.001726,-0.840006
1640841647811990016,-2.276946,-0.351757,0.500112,0.542587,-0.001324,-0.001666,-0.839997
1640841647817420032,-2.277009,-0.351815,0.500171,0.542714,-0.002872,-0.001342,-0.839912
1640841647822109952,-2.277052,-0.351859,0.500214,0.542791,-0.004275,-0.001072,-0.839856
1640841647823500032,-2.277062,-0.351871,0.500225,0.542797,-0.004715,-0.001000,-0.839850
1640841647823959808,-2.277065,-0.351874,0.500229,0.542798,-0.004863,-0.000977,-0.839849
1640841647827899904,-2.277089,-0.351905,0.500256,0.542785,-0.006161,-0.000778,-0.839849
1640841647829210112,-2.277095,-0.351914,0.500263,0.542777,-0.006602,-0.000709,-0.839851
1640841647830809856,-2.277101,-0.351924,0.500272,0.542767,-0.007143,-0.000621,-0.839852
1640841647832239872,-2.277106,-0.351933,0.500279,0.542761,-0.007628,-0.000540,-0.839852
1640841647839879936,-2.277113,-0.351971,0.500301,0.542820,-0.010093,-0.000119,-0.839789
1640841647840539904,-2.277112,-0.351973,0.500301,0.542836,-0.010289,-0.000088,-0.839776
1640841647840859904,-2.277112,-0.351974,0.500302,0.542844,-0.010383,-0.000073,-0.839769
1640841647842180096,-2.277110,-0.351979,0.500302,0.542882,-0.010764,-0.000014,-0.839740
1640841647846169856,-2.277097,-0.351990,0.500300,0.543006,-0.011882,0.000146,-0.839645
1640841647847229952,-2.277093,-0.351992,0.500299,0.543035,-0.012178,0.000185,-0.839622
1640841647852140032,-2.277064,-0.351999,0.500284,0.543107,-0.013590,0.000349,-0.839554
1640841647852720128,-2.277060,-0.351999,0.500282,0.543108,-0.013763,0.000367,-0.839550
1640841647856979968,-2.277025,-0.351999,0.500259,0.543100,-0.015044,0.000486,-0.839533
1640841647857559808,-2.277019,-0.351999,0.500256,0.543099,-0.015219,0.000499,-0.839531
1640841647862360064,-2.276967,-0.351992,0.500219,0.543131,-0.016635,0.000590,-0.839483
1640841647864419840,-2.276941,-0.351987,0.500200,0.543166,-0.017227,0.000618,-0.839448
1640841647866030080,-2.276919,-0.351983,0.500184,0.543200,-0.017686,0.000636,-0.839417
1640841647867919872,-2.276892,-0.351977,0.500164,0.543245,-0.018221,0.000656,-0.839376
1640841647870849792,-2.276846,-0.351966,0.500128,0.543322,-0.019047,0.000686,-0.839308
1640841647872259840,-2.276822,-0.351960,0.500110,0.543361,-0.019444,0.000701,-0.839274
1640841647875910144,-2.276757,-0.351941,0.500058,0.543456,-0.020469,0.000742,-0.839188
1640841647877039872,-2.276735,-0.351935,0.500040,0.543482,-0.020786,0.000755,-0.839163
1640841647881149952,-2.276651,-0.351909,0.499972,0.543558,-0.021930,0.000809,-0.839084
1640841647883950080,-2.276589,-0.351889,0.499920,0.543585,-0.022702,0.000852,-0.839047
1640841647890779904,-2.276420,-0.351831,0.499778,0.543658,-0.024580,0.001055,-0.838946
1640841647891840000,-2.276392,-0.351821,0.499753,0.543683,-0.024872,0.001107,-0.838921
1640841647892339968,-2.276378,-0.351816,0.499742,0.543696,-0.025010,0.001133,-0.838909
1640841647892760064,-2.276367,-0.351812,0.499732,0.543708,-0.025126,0.001155,-0.838898
1640841647896790016,-2.276252,-0.351771,0.499633,0.543843,-0.026221,0.001382,-0.838776
1640841647898929920,-2.276187,-0.351747,0.499577,0.543928,-0.026786,0.001496,-0.838703
1640841647900780032,-2.276130,-0.351726,0.499527,0.544005,-0.027261,0.001583,-0.838637
1640841647902020096,-2.276090,-0.351711,0.499492,0.544058,-0.027572,0.001632,-0.838593
1640841647906459904,-2.275942,-0.351654,0.499362,0.544242,-0.028653,0.001768,-0.838437
1640841647908039936,-2.275886,-0.351633,0.499313,0.544302,-0.029036,0.001812,-0.838385
1640841647910990080,-2.275779,-0.351592,0.499219,0.544402,-0.029764,0.001900,-0.838294
1640841647912000000,-2.275742,-0.351577,0.499186,0.544434,-0.030016,0.001934,-0.838264
1640841647915849984,-2.275593,-0.351518,0.499054,0.544554,-0.030969,0.002070,-0.838151
1640841647917369856,-2.275532,-0.351494,0.499000,0.544606,-0.031335,0.002127,-0.838103
1640841647920819968,-2.275390,-0.351437,0.498873,0.544746,-0.032130,0.002257,-0.837982
1640841647922070016,-2.275336,-0.351416,0.498825,0.544806,-0.032403,0.002303,-0.837933
1640841647926419968,-2.275144,-0.351338,0.498654,0.545040,-0.033300,0.002449,-0.837745
1640841647932039936,-2.274881,-0.351230,0.498418,0.545376,-0.034378,0.002567,-0.837482
1640841647933329920,-2.274818,-0.351204,0.498361,0.545453,-0.034617,0.002583,-0.837422
1640841647934149888,-2.274777,-0.351187,0.498325,0.545501,-0.034768,0.002591,-0.837384
1640841647936069888,-2.274681,-0.351148,0.498239,0.545611,-0.035118,0.002607,-0.837298
1640841647937120000,-2.274628,-0.351125,0.498191,0.545668,-0.035308,0.002614,-0.837253
1640841647940889856,-2.274430,-0.351043,0.498014,0.545854,-0.035986,0.002640,-0.837103
1640841647942189824,-2.274360,-0.351014,0.497952,0.545912,-0.036218,0.002651,-0.837055
1640841647946849792,-2.274102,-0.350906,0.497721,0.546129,-0.037022,0.002708,-0.836879
1640841647950099968,-2.273914,-0.350826,0.497554,0.546313,-0.037547,0.002774,-0.836734
1640841647950879744,-2.273868,-0.350807,0.497513,0.546365,-0.037668,0.002794,-0.836695
1640841647952049920,-2.273798,-0.350778,0.497451,0.546447,-0.037845,0.002827,-0.836634
1640841647956179968,-2.273546,-0.350671,0.497226,0.546765,-0.038444,0.002964,-0.836398
1640841647957779968,-2.273446,-0.350628,0.497137,0.546891,-0.038672,0.003022,-0.836305
1640841647960950016,-2.273243,-0.350541,0.496957,0.547129,-0.039126,0.003138,-0.836128
1640841647962899968,-2.273115,-0.350486,0.496844,0.547266,-0.039409,0.003207,-0.836024
1640841647967209728,-2.272824,-0.350362,0.496587,0.547562,-0.040037,0.003353,-0.835800
1640841647969049856,-2.272696,-0.350307,0.496475,0.547690,-0.040304,0.003410,-0.835703
1640841647974729984,-2.272289,-0.350131,0.496118,0.548114,-0.041101,0.003572,-0.835385
1640841647975350016,-2.272244,-0.350112,0.496079,0.548163,-0.041182,0.003590,-0.835349
1640841647975960064,-2.272199,-0.350092,0.496039,0.548211,-0.041260,0.003608,-0.835314
1640841647977089792,-2.272114,-0.350056,0.495966,0.548302,-0.041400,0.003642,-0.835247
1640841647980969984,-2.271819,-0.349928,0.495709,0.548619,-0.041814,0.003780,-0.835017
1640841647982210048,-2.271723,-0.349886,0.495625,0.548723,-0.041921,0.003833,-0.834944
1640841647986769920,-2.271361,-0.349729,0.495312,0.549108,-0.042227,0.004042,-0.834674
1640841647987589888,-2.271294,-0.349700,0.495255,0.549178,-0.042276,0.004075,-0.834626
1640841647991299840,-2.270988,-0.349566,0.494992,0.549500,-0.042522,0.004173,-0.834400
1640841647993419776,-2.270809,-0.349488,0.494838,0.549687,-0.042679,0.004193,-0.834269
1640841647998080000,-2.270405,-0.349312,0.494494,0.550095,-0.043011,0.004199,-0.833983
1640841647998929920,-2.270330,-0.349279,0.494430,0.550168,-0.043064,0.004201,-0.833932
1640841648000869888,-2.270157,-0.349203,0.494283,0.550334,-0.043169,0.004212,-0.833817
1640841648002060032,-2.270049,-0.349156,0.494192,0.550435,-0.043224,0.004224,-0.833748
1640841648006129920,-2.269674,-0.348992,0.493876,0.550784,-0.043369,0.004291,-0.833509
1640841648007200000,-2.269574,-0.348948,0.493792,0.550878,-0.043399,0.004314,-0.833445
1640841648011299840,-2.269182,-0.348776,0.493465,0.551260,-0.043507,0.004419,-0.833186
1640841648012339712,-2.269081,-0.348732,0.493380,0.551362,-0.043534,0.004448,-0.833118
1640841648015839744,-2.268735,-0.348580,0.493093,0.551709,-0.043626,0.004544,-0.832883
1640841648017069824,-2.268611,-0.348526,0.492991,0.551830,-0.043660,0.004575,-0.832800
1640841648020890112,-2.268221,-0.348354,0.492670,0.552196,-0.043776,0.004648,-0.832551
1640841648022139904,-2.268091,-0.348297,0.492564,0.552310,-0.043817,0.004665,-0.832473
1640841648027200000,-2.267554,-0.348061,0.492126,0.552770,-0.043975,0.004722,-0.832159
1640841648030729984,-2.267168,-0.347892,0.491814,0.553113,-0.044051,0.004790,-0.831927
1640841648031259904,-2.267109,-0.347866,0.491766,0.553167,-0.044059,0.004805,-0.831890
1640841648032039936,-2.267023,-0.347828,0.491697,0.553249,-0.044068,0.004828,-0.831835
1640841648035949824,-2.266581,-0.347634,0.491343,0.553677,-0.044086,0.004983,-0.831549
1640841648037920000,-2.266355,-0.347535,0.491162,0.553901,-0.044081,0.005084,-0.831399
1640841648040819968,-2.266016,-0.347387,0.490893,0.554232,-0.044062,0.005258,-0.831179
1640841648042309888,-2.265840,-0.347309,0.490754,0.554401,-0.044049,0.005357,-0.831066
1640841648045989888,-2.265397,-0.347115,0.490406,0.554817,-0.044008,0.005606,-0.830789
1640841648047119872,-2.265259,-0.347055,0.490297,0.554943,-0.043994,0.005680,-0.830705
1640841648050919936,-2.264788,-0.346849,0.489930,0.555362,-0.043941,0.005896,-0.830426
1640841648054070016,-2.264390,-0.346675,0.489622,0.555705,-0.043886,0.006039,-0.830198
1640841648055800064,-2.264168,-0.346578,0.489450,0.555895,-0.043847,0.006111,-0.830072
1640841648057199872,-2.263986,-0.346499,0.489311,0.556052,-0.043808,0.006171,-0.829970
1640841648062899712,-2.263233,-0.346171,0.488735,0.556719,-0.043565,0.006461,-0.829532
1640841648063649792,-2.263132,-0.346127,0.488658,0.556810,-0.043524,0.006505,-0.829473
1640841648065840128,-2.262834,-0.345997,0.488433,0.557079,-0.043394,0.006631,-0.829299
1640841648067149824,-2.262655,-0.345919,0.488297,0.557240,-0.043312,0.006705,-0.829194
1640841648070909952,-2.262131,-0.345692,0.487905,0.557699,-0.043067,0.006894,-0.828897
1640841648072150016,-2.261956,-0.345617,0.487774,0.557847,-0.042986,0.006945,-0.828801
1640841648076379904,-2.261350,-0.345355,0.487323,0.558341,-0.042704,0.007071,-0.828482
1640841648078639872,-2.261021,-0.345212,0.487080,0.558600,-0.042540,0.007116,-0.828315
1640841648080849920,-2.260695,-0.345072,0.486840,0.558853,-0.042365,0.007148,-0.828153
1640841648082020096,-2.260521,-0.344997,0.486712,0.558987,-0.042267,0.007163,-0.828068
1640841648086309888,-2.259873,-0.344718,0.486239,0.559488,-0.041902,0.007236,-0.827747
1640841648087960064,-2.259619,-0.344609,0.486056,0.559688,-0.041770,0.007283,-0.827618
1640841648091059968,-2.259138,-0.344403,0.485708,0.560079,-0.041552,0.007421,-0.827363
1640841648099990016,-2.257708,-0.343793,0.484687,0.561289,-0.041087,0.008029,-0.826560
1640841648100800000,-2.257575,-0.343736,0.484593,0.561399,-0.041041,0.008072,-0.826488
1640841648101379840,-2.257479,-0.343696,0.484525,0.561477,-0.041006,0.008100,-0.826436
1640841648101879808,-2.257397,-0.343661,0.484467,0.561544,-0.040975,0.008123,-0.826392
1640841648102409728,-2.257309,-0.343623,0.484405,0.561615,-0.040942,0.008147,-0.826345
1640841648105989888,-2.256711,-0.343370,0.483985,0.562092,-0.040699,0.008286,-0.826032
1640841648108859904,-2.256224,-0.343164,0.483644,0.562470,-0.040486,0.008399,-0.825783
1640841648111179776,-2.255825,-0.342996,0.483367,0.562775,-0.040306,0.008507,-0.825583
1640841648112019968,-2.255679,-0.342934,0.483266,0.562887,-0.040239,0.008550,-0.825510
1640841648115789824,-2.255020,-0.342657,0.482811,0.563393,-0.039922,0.008758,-0.825178
1640841648117049856,-2.254797,-0.342563,0.482657,0.563566,-0.039811,0.008832,-0.825064
1640841648120869888,-2.254112,-0.342277,0.482189,0.564110,-0.039451,0.009062,-0.824707
1640841648123459840,-2.253642,-0.342080,0.481869,0.564495,-0.039189,0.009218,-0.824454
1640841648126099712,-2.253156,-0.341878,0.481540,0.564893,-0.038908,0.009379,-0.824193
1640841648127399936,-2.252915,-0.341778,0.481377,0.565087,-0.038766,0.009459,-0.824066
1640841648131500032,-2.252146,-0.341458,0.480860,0.565683,-0.038304,0.009716,-0.823675
1640841648132599808,-2.251937,-0.341372,0.480721,0.565836,-0.038178,0.009787,-0.823575
1640841648135849984,-2.251315,-0.341115,0.480306,0.566276,-0.037796,0.009988,-0.823288
1640841648137590016,-2.250978,-0.340976,0.480082,0.566508,-0.037585,0.010087,-0.823137
1640841648140899840,-2.250331,-0.340709,0.479654,0.566955,-0.037172,0.010247,-0.822846
1640841648142030080,-2.250108,-0.340618,0.479507,0.567109,-0.037027,0.010293,-0.822745
1640841648145819904,-2.249352,-0.340308,0.479011,0.567640,-0.036532,0.010425,-0.822400
1640841648147689728,-2.248975,-0.340154,0.478765,0.567909,-0.036286,0.010481,-0.822224
1640841648150810112,-2.248340,-0.339895,0.478352,0.568373,-0.035875,0.010565,-0.821921
1640841648152019968,-2.248091,-0.339794,0.478191,0.568557,-0.035717,0.010596,-0.821800
1640841648155819776,-2.247303,-0.339474,0.477682,0.569143,-0.035223,0.010692,-0.821414
1640841648157100032,-2.247034,-0.339365,0.477509,0.569340,-0.035058,0.010724,-0.821285
1640841648160800000,-2.246252,-0.339049,0.477008,0.569894,-0.034579,0.010815,-0.820919
1640841648162749952,-2.245835,-0.338881,0.476742,0.570174,-0.034327,0.010864,-0.820735
1640841648165740032,-2.245190,-0.338622,0.476332,0.570591,-0.033943,0.010944,-0.820459
1640841648167059968,-2.244903,-0.338507,0.476150,0.570774,-0.033776,0.010983,-0.820338
1640841648170820096,-2.244077,-0.338176,0.475629,0.571305,-0.033312,0.011117,-0.819986
1640841648173080064,-2.243575,-0.337976,0.475314,0.571638,-0.033044,0.011216,-0.819764
1640841648175909888,-2.242941,-0.337724,0.474918,0.572067,-0.032717,0.011347,-0.819476
1640841648177090048,-2.242675,-0.337618,0.474752,0.572249,-0.032580,0.011401,-0.819353
1640841648180780032,-2.241835,-0.337285,0.474230,0.572824,-0.032148,0.011549,-0.818966
1640841648182050048,-2.241544,-0.337170,0.474049,0.573023,-0.031995,0.011588,-0.818832
1640841648185999872,-2.240629,-0.336809,0.473485,0.573639,-0.031501,0.011663,-0.818419
1640841648187389952,-2.240304,-0.336682,0.473286,0.573854,-0.031325,0.011687,-0.818275
1640841648190769920,-2.239507,-0.336369,0.472798,0.574370,-0.030917,0.011793,-0.817927
1640841648192039936,-2.239205,-0.336251,0.472614,0.574562,-0.030772,0.011857,-0.817796
1640841648197079808,-2.237996,-0.335779,0.471879,0.575329,-0.030223,0.012176,-0.817273
1640841648197919744,-2.237792,-0.335700,0.471756,0.575459,-0.030132,0.012231,-0.817184
1640841648200849920,-2.237078,-0.335423,0.471325,0.575922,-0.029806,0.012411,-0.816867
1640841648203379968,-2.236456,-0.335182,0.470952,0.576331,-0.029516,0.012544,-0.816587
1640841648205959936,-2.235816,-0.334935,0.470569,0.576752,-0.029213,0.012665,-0.816298
1640841648207639808,-2.235396,-0.334774,0.470318,0.577025,-0.029013,0.012737,-0.816112
1640841648211399936,-2.234450,-0.334410,0.469756,0.577625,-0.028565,0.012886,-0.815701
1640841648212430080,-2.234188,-0.334310,0.469601,0.577786,-0.028442,0.012925,-0.815590
1640841648215780096,-2.233333,-0.333984,0.469096,0.578306,-0.028035,0.013043,-0.815234
1640841648217779968,-2.232818,-0.333787,0.468793,0.578614,-0.027787,0.013108,-0.815023
1640841648220939776,-2.231998,-0.333476,0.468312,0.579100,-0.027385,0.013201,-0.814690
1640841648222070016,-2.231703,-0.333364,0.468140,0.579274,-0.027238,0.013232,-0.814570
1640841648225740032,-2.230738,-0.332999,0.467577,0.579840,-0.026758,0.013324,-0.814182
1640841648227320064,-2.230319,-0.332841,0.467334,0.580085,-0.026552,0.013361,-0.814013
1640841648230819840,-2.229385,-0.332490,0.466794,0.580632,-0.026107,0.013440,-0.813637
1640841648232059904,-2.229052,-0.332365,0.466602,0.580826,-0.025954,0.013467,-0.813502
1640841648235940096,-2.228001,-0.331972,0.465999,0.581436,-0.025489,0.013544,-0.813080
1640841648237049856,-2.227698,-0.331859,0.465825,0.581610,-0.025360,0.013563,-0.812959
1640841648240880128,-2.226647,-0.331468,0.465226,0.582206,-0.024926,0.013613,-0.812545
1640841648242640128,-2.226160,-0.331288,0.464949,0.582478,-0.024734,0.013630,-0.812356
1640841648245859840,-2.225263,-0.330956,0.464441,0.582975,-0.024395,0.013662,-0.812009
1640841648247040000,-2.224932,-0.330834,0.464255,0.583158,-0.024276,0.013675,-0.811881
1640841648250999808,-2.223814,-0.330423,0.463626,0.583779,-0.023896,0.013742,-0.811444
1640841648252100096,-2.223502,-0.330308,0.463451,0.583954,-0.023797,0.013769,-0.811321
1640841648255820032,-2.222438,-0.329919,0.462857,0.584551,-0.023483,0.013877,-0.810898
1640841648258519808,-2.221659,-0.329636,0.462424,0.584986,-0.023275,0.013966,-0.810589
1640841648261549824,-2.220779,-0.329316,0.461937,0.585470,-0.023060,0.014066,-0.810244
1640841648263840000,-2.220109,-0.329073,0.461567,0.585833,-0.022908,0.014142,-0.809984
1640841648265990144,-2.219476,-0.328845,0.461220,0.586172,-0.022771,0.014216,-0.809741
1640841648267069696,-2.219157,-0.328730,0.461045,0.586343,-0.022703,0.014255,-0.809619
1640841648270969856,-2.217998,-0.328313,0.460411,0.586958,-0.022460,0.014414,-0.809177
1640841648272059904,-2.217672,-0.328196,0.460233,0.587131,-0.022393,0.014463,-0.809053
1640841648275909888,-2.216513,-0.327782,0.459605,0.587743,-0.022156,0.014639,-0.808612
1640841648277060096,-2.216165,-0.327658,0.459416,0.587926,-0.022088,0.014691,-0.808479
1640841648281179904,-2.214909,-0.327212,0.458740,0.588586,-0.021852,0.014853,-0.808003
1640841648282359808,-2.214548,-0.327084,0.458546,0.588775,-0.021788,0.014893,-0.807866
1640841648287619840,-2.212922,-0.326510,0.457678,0.589618,-0.021523,0.015032,-0.807256
1640841648288419840,-2.212673,-0.326423,0.457546,0.589745,-0.021486,0.015049,-0.807163
1640841648290819840,-2.211923,-0.326160,0.457148,0.590125,-0.021375,0.015096,-0.806888
1640841648293040128,-2.211226,-0.325916,0.456779,0.590474,-0.021275,0.015136,-0.806634
1640841648296829952,-2.210028,-0.325498,0.456149,0.591064,-0.021094,0.015206,-0.806205
1640841648299490048,-2.209180,-0.325203,0.455705,0.591476,-0.020950,0.015264,-0.805906
1640841648302680064,-2.208158,-0.324849,0.455171,0.591969,-0.020749,0.015349,-0.805547
1640841648304270080,-2.207645,-0.324672,0.454905,0.592214,-0.020640,0.015394,-0.805369
1640841648305789952,-2.207154,-0.324502,0.454650,0.592448,-0.020532,0.015435,-0.805199
1640841648307109888,-2.206725,-0.324355,0.454428,0.592652,-0.020437,0.015468,-0.805051
1640841648310969856,-2.205466,-0.323923,0.453779,0.593247,-0.020163,0.015533,-0.804618
1640841648312409856,-2.204993,-0.323761,0.453537,0.593469,-0.020066,0.015543,-0.804457
1640841648316259840,-2.203723,-0.323327,0.452887,0.594062,-0.019830,0.015542,-0.804024
1640841648317400064,-2.203344,-0.323199,0.452695,0.594238,-0.019769,0.015537,-0.803896
1640841648320819968,-2.202204,-0.322812,0.452116,0.594763,-0.019618,0.015518,-0.803512
1640841648322059776,-2.201789,-0.322671,0.451906,0.594953,-0.019576,0.015512,-0.803372
1640841648328249856,-2.199699,-0.321967,0.450856,0.595900,-0.019426,0.015494,-0.802674
1640841648329579776,-2.199246,-0.321815,0.450630,0.596103,-0.019394,0.015492,-0.802524
1640841648332669952,-2.198190,-0.321461,0.450104,0.596576,-0.019307,0.015494,-0.802174
1640841648333199872,-2.198009,-0.321401,0.450014,0.596658,-0.019290,0.015495,-0.802114
1640841648335830016,-2.197103,-0.321099,0.449566,0.597062,-0.019203,0.015503,-0.801816
1640841648337179904,-2.196637,-0.320944,0.449336,0.597269,-0.019161,0.015510,-0.801662
1640841648340809728,-2.195377,-0.320525,0.448717,0.597828,-0.019071,0.015540,-0.801246
1640841648342119936,-2.194920,-0.320374,0.448493,0.598031,-0.019051,0.015555,-0.801096
1640841648345839872,-2.193615,-0.319944,0.447857,0.598608,-0.019017,0.015608,-0.800665
1640841648347119872,-2.193164,-0.319795,0.447639,0.598808,-0.019010,0.015627,-0.800515
1640841648350859776,-2.191840,-0.319361,0.446999,0.599400,-0.018983,0.015684,-0.800071
1640841648352049920,-2.191417,-0.319222,0.446795,0.599590,-0.018970,0.015701,-0.799928
1640841648355820032,-2.190069,-0.318782,0.446150,0.600195,-0.018918,0.015751,-0.799475
1640841648357059840,-2.189624,-0.318637,0.445937,0.600392,-0.018897,0.015767,-0.799327
1640841648360859904,-2.188253,-0.318192,0.445286,0.600982,-0.018823,0.015814,-0.798884
1640841648363229952,-2.187392,-0.317914,0.444880,0.601337,-0.018772,0.015843,-0.798618
1640841648365789952,-2.186459,-0.317612,0.444441,0.601713,-0.018716,0.015866,-0.798336
1640841648367309824,-2.185903,-0.317433,0.444180,0.601935,-0.018683,0.015873,-0.798169
1640841648371759872,-2.184265,-0.316908,0.443417,0.602596,-0.018599,0.015847,-0.797672
1640841648372480000,-2.183999,-0.316822,0.443294,0.602705,-0.018587,0.015837,-0.797591
1640841648375879936,-2.182737,-0.316419,0.442711,0.603222,-0.018533,0.015775,-0.797202
1640841648377199872,-2.182245,-0.316262,0.442484,0.603423,-0.018514,0.015748,-0.797051
1640841648380760064,-2.180913,-0.315839,0.441874,0.603965,-0.018460,0.015678,-0.796643
1640841648382050048,-2.180428,-0.315685,0.441653,0.604160,-0.018440,0.015657,-0.796496
1640841648385849856,-2.178992,-0.315231,0.441002,0.604727,-0.018378,0.015610,-0.796067
1640841648387079936,-2.178526,-0.315084,0.440791,0.604909,-0.018360,0.015596,-0.795930
1640841648390859776,-2.177085,-0.314630,0.440144,0.605461,-0.018319,0.015542,-0.795512
1640841648392129792,-2.176599,-0.314478,0.439926,0.605645,-0.018311,0.015517,-0.795373
1640841648395979776,-2.175119,-0.314014,0.439268,0.606203,-0.018307,0.015431,-0.794950
1640841648397100032,-2.174687,-0.313879,0.439076,0.606366,-0.018310,0.015405,-0.794826
1640841648400780032,-2.173260,-0.313434,0.438448,0.606910,-0.018330,0.015327,-0.794411
1640841648402190080,-2.172711,-0.313264,0.438207,0.607122,-0.018343,0.015302,-0.794250
1640841648406729984,-2.170933,-0.312713,0.437432,0.607808,-0.018394,0.015241,-0.793725
1640841648407589888,-2.170595,-0.312608,0.437286,0.607938,-0.018406,0.015233,-0.793625
1640841648411160064,-2.169186,-0.312173,0.436678,0.608476,-0.018461,0.015214,-0.793211
1640841648412269824,-2.168746,-0.312038,0.436489,0.608642,-0.018480,0.015213,-0.793084
1640841648415930112,-2.167290,-0.311590,0.435867,0.609187,-0.018552,0.015216,-0.792663
1640841648417139968,-2.166806,-0.311442,0.435661,0.609367,-0.018580,0.015218,-0.792524
1640841648420759808,-2.165354,-0.310997,0.435047,0.609905,-0.018676,0.015220,-0.792108
1640841648422019840,-2.164846,-0.310842,0.434834,0.610093,-0.018713,0.015219,-0.791963
1640841648425979904,-2.163244,-0.310354,0.434164,0.610683,-0.018839,0.015204,-0.791505
1640841648427820032,-2.162496,-0.310127,0.433853,0.610958,-0.018898,0.015193,-0.791292
1640841648430889728,-2.161243,-0.309747,0.433335,0.611417,-0.018992,0.015166,-0.790935
1640841648432149760,-2.160727,-0.309591,0.433122,0.611605,-0.019028,0.015153,-0.790789
1640841648436349952,-2.158999,-0.309069,0.432415,0.612229,-0.019138,0.015102,-0.790304
1640841648437629952,-2.158470,-0.308909,0.432200,0.612418,-0.019167,0.015086,-0.790158
1640841648440879872,-2.157121,-0.308504,0.431655,0.612891,-0.019235,0.015047,-0.789790
1640841648442169856,-2.156584,-0.308342,0.431439,0.613077,-0.019260,0.015032,-0.789645
1640841648446379776,-2.154824,-0.307815,0.430735,0.613679,-0.019337,0.014971,-0.789177
1640841648447209728,-2.154475,-0.307711,0.430596,0.613797,-0.019353,0.014955,-0.789085
1640841648451079936,-2.152844,-0.307224,0.429951,0.614351,-0.019438,0.014856,-0.788654
1640841648452209920,-2.152365,-0.307081,0.429763,0.614513,-0.019466,0.014820,-0.788527
1640841648455770112,-2.150853,-0.306631,0.429172,0.615027,-0.019564,0.014693,-0.788126
1640841648458619904,-2.149636,-0.306270,0.428700,0.615441,-0.019652,0.014584,-0.787803
1640841648460939776,-2.148642,-0.305975,0.428316,0.615778,-0.019729,0.014498,-0.787539
1640841648463109888,-2.147708,-0.305699,0.427958,0.616095,-0.019807,0.014421,-0.787291
1640841648465760000,-2.146564,-0.305361,0.427521,0.616483,-0.019911,0.014332,-0.786986
1640841648467139840,-2.145966,-0.305185,0.427295,0.616685,-0.019970,0.014289,-0.786827
1640841648470830080,-2.144361,-0.304712,0.426689,0.617228,-0.020146,0.014185,-0.786398
1640841648472100096,-2.143807,-0.304549,0.426481,0.617416,-0.020213,0.014153,-0.786250
1640841648476290048,-2.141970,-0.304010,0.425797,0.618034,-0.020448,0.014053,-0.785760
1640841648477190144,-2.141574,-0.303894,0.425650,0.618166,-0.020501,0.014032,-0.785654
1640841648480800000,-2.139979,-0.303428,0.425063,0.618697,-0.020718,0.013947,-0.785232
1640841648482050048,-2.139425,-0.303266,0.424861,0.618880,-0.020793,0.013916,-0.785087
1640841648486269952,-2.137547,-0.302718,0.424178,0.619499,-0.021044,0.013821,-0.784594
1640841648487649792,-2.136930,-0.302539,0.423955,0.619702,-0.021123,0.013794,-0.784432
1640841648491859968,-2.135040,-0.301989,0.423278,0.620323,-0.021353,0.013732,-0.783935
1640841648492319744,-2.134833,-0.301929,0.423204,0.620392,-0.021377,0.013727,-0.783881
1640841648495859968,-2.133234,-0.301465,0.422637,0.620916,-0.021554,0.013695,-0.783461
1640841648497169920,-2.132640,-0.301293,0.422428,0.621110,-0.021617,0.013685,-0.783306
1640841648500759808,-2.131007,-0.300821,0.421855,0.621638,-0.021783,0.013653,-0.782882
1640841648502289920,-2.130309,-0.300619,0.421612,0.621862,-0.021852,0.013635,-0.782703
1640841648505959936,-2.128627,-0.300134,0.421031,0.622394,-0.022020,0.013575,-0.782276
1640841648507849984,-2.127757,-0.299883,0.420732,0.622666,-0.022108,0.013532,-0.782058
1640841648510720000,-2.126433,-0.299502,0.420280,0.623077,-0.022249,0.013445,-0.781728
1640841648512039936,-2.125822,-0.299326,0.420072,0.623265,-0.022316,0.013395,-0.781578
1640841648515820032,-2.124065,-0.298822,0.419480,0.623800,-0.022515,0.013235,-0.781147
1640841648517129984,-2.123455,-0.298647,0.419275,0.623985,-0.022584,0.013178,-0.780999
1640841648520999936,-2.121645,-0.298128,0.418672,0.624533,-0.022778,0.013025,-0.780557
1640841648522199808,-2.121081,-0.297967,0.418485,0.624704,-0.022836,0.012983,-0.780420
1640841648525819904,-2.119377,-0.297479,0.417924,0.625218,-0.023006,0.012875,-0.780005
1640841648527059968,-2.118791,-0.297312,0.417733,0.625395,-0.023066,0.012842,-0.779862
1640841648530880000,-2.116981,-0.296795,0.417144,0.625937,-0.023261,0.012747,-0.779422
1640841648532069888,-2.116416,-0.296634,0.416961,0.626106,-0.023327,0.012718,-0.779285
1640841648535849728,-2.114614,-0.296120,0.416382,0.626642,-0.023549,0.012623,-0.778849
1640841648540719872,-2.112279,-0.295456,0.415640,0.627330,-0.023864,0.012477,-0.778288
1640841648541280000,-2.112010,-0.295380,0.415555,0.627409,-0.023902,0.012458,-0.778224
1640841648542029824,-2.111649,-0.295277,0.415441,0.627514,-0.023953,0.012432,-0.778137
1640841648545729792,-2.109864,-0.294770,0.414881,0.628038,-0.024214,0.012305,-0.777709
1640841648547159808,-2.109172,-0.294573,0.414665,0.628241,-0.024318,0.012262,-0.777542
1640841648550819840,-2.107396,-0.294070,0.414114,0.628767,-0.024592,0.012187,-0.777109
1640841648552069888,-2.106788,-0.293897,0.413926,0.628949,-0.024687,0.012178,-0.776959
1640841648556130048,-2.104807,-0.293336,0.413319,0.629549,-0.024999,0.012215,-0.776462
1640841648557539840,-2.104117,-0.293141,0.413109,0.629759,-0.025107,0.012239,-0.776288
1640841648561499904,-2.102174,-0.292591,0.412520,0.630340,-0.025397,0.012277,-0.775806
1640841648562149888,-2.101855,-0.292501,0.412423,0.630434,-0.025443,0.012278,-0.775728
1640841648565760000,-2.100076,-0.291998,0.411889,0.630954,-0.025688,0.012259,-0.775298
1640841648567099904,-2.099414,-0.291812,0.411691,0.631147,-0.025775,0.012244,-0.775139
1640841648571419904,-2.097275,-0.291208,0.411056,0.631768,-0.026044,0.012188,-0.774624
1640841648572179968,-2.096898,-0.291101,0.410944,0.631877,-0.026089,0.012178,-0.774533
1640841648575889920,-2.095053,-0.290581,0.410401,0.632415,-0.026300,0.012129,-0.774088
1640841648577260032,-2.094370,-0.290389,0.410201,0.632612,-0.026372,0.012111,-0.773925
1640841648580729856,-2.092638,-0.289900,0.409695,0.633104,-0.026541,0.012058,-0.773517
1640841648582010112,-2.091998,-0.289720,0.409509,0.633282,-0.026597,0.012036,-0.773370
1640841648585979904,-2.090008,-0.289160,0.408933,0.633829,-0.026761,0.011970,-0.772918
1640841648587110144,-2.089441,-0.289000,0.408770,0.633984,-0.026807,0.011953,-0.772789
1640841648592470016,-2.086745,-0.288242,0.407996,0.634731,-0.027039,0.011903,-0.772168
1640841648595640064,-2.085146,-0.287792,0.407541,0.635181,-0.027192,0.011889,-0.771793
1640841648596369920,-2.084777,-0.287688,0.407436,0.635284,-0.027229,0.011885,-0.771707
1640841648597049856,-2.084433,-0.287592,0.407338,0.635381,-0.027265,0.011881,-0.771626
1640841648600760064,-2.082557,-0.287064,0.406807,0.635902,-0.027466,0.011841,-0.771190
1640841648602399744,-2.081726,-0.286831,0.406572,0.636128,-0.027560,0.011809,-0.771001
1640841648606099968,-2.079850,-0.286304,0.406044,0.636631,-0.027777,0.011718,-0.770579
1640841648607290112,-2.079246,-0.286134,0.405875,0.636792,-0.027847,0.011687,-0.770444
1640841648610810112,-2.077457,-0.285631,0.405374,0.637267,-0.028047,0.011611,-0.770045
1640841648612049920,-2.076827,-0.285454,0.405197,0.637435,-0.028113,0.011593,-0.769904
1640841648615759872,-2.074938,-0.284924,0.404671,0.637941,-0.028307,0.011569,-0.769478
1640841648617339904,-2.074133,-0.284698,0.404447,0.638157,-0.028392,0.011569,-0.769296
1640841648621309952,-2.072109,-0.284130,0.403884,0.638700,-0.028626,0.011585,-0.768836
1640841648622370048,-2.071568,-0.283978,0.403734,0.638844,-0.028697,0.011590,-0.768714
1640841648626200064,-2.069613,-0.283429,0.403193,0.639365,-0.028973,0.011611,-0.768270
1640841648627179776,-2.069112,-0.283289,0.403054,0.639498,-0.029046,0.011617,-0.768156
1640841648630789888,-2.067268,-0.282771,0.402545,0.639996,-0.029307,0.011639,-0.767731
1640841648632099840,-2.066598,-0.282583,0.402360,0.640178,-0.029395,0.011648,-0.767576
1640841648636000000,-2.064604,-0.282024,0.401810,0.640724,-0.029639,0.011681,-0.767110
1640841648638010112,-2.063576,-0.281735,0.401526,0.641007,-0.029752,0.011704,-0.766869
1640841648640950016,-2.062073,-0.281313,0.401112,0.641417,-0.029904,0.011750,-0.766519
1640841648642190080,-2.061438,-0.281135,0.400937,0.641590,-0.029963,0.011775,-0.766372
1640841648645779968,-2.059602,-0.280620,0.400431,0.642083,-0.030119,0.011863,-0.765951
