timestamp,thrust_1,thrust_2,thrust_3,thrust_4
0.000000,1.453400000,1.445800000,1.468600000,1.495200000
0.000850,1.453400000,1.445800000,1.468600000,1.495200000
0.004660,1.457200000,1.445800000,1.449600000,1.495200000
0.005920,1.457200000,1.445800000,1.449600000,1.495200000
0.009760,1.457200000,1.445800000,1.449600000,1.495200000
0.010740,1.457200000,1.445800000,1.449600000,1.495200000
0.014760,1.468600000,1.445800000,1.468600000,1.499000000
0.015830,1.468600000,1.445800000,1.468600000,1.499000000
0.019760,1.468600000,1.445800000,1.468600000,1.499000000
0.020740,1.468600000,1.445800000,1.468600000,1.499000000
0.024820,1.487600000,1.445800000,1.461000000,1.521900000
0.025750,1.487600000,1.445800000,1.461000000,1.521900000
0.030050,1.487600000,1.445800000,1.461000000,1.521900000
0.034480,1.487600000,1.449600000,1.461000000,1.521900000
0.035360,1.487600000,1.449600000,1.461000000,1.521900000
0.035750,1.487600000,1.449600000,1.461000000,1.521900000
0.044720,1.487600000,1.457200000,1.461000000,1.533300000
0.045590,1.487600000,1.457200000,1.461000000,1.533300000
0.049270,1.487600000,1.457200000,1.461000000,1.533300000
0.050810,1.487600000,1.457200000,1.461000000,1.533300000
0.052640,1.468600000,1.453400000,1.464800000,1.521900000
0.054870,1.468600000,1.453400000,1.464800000,1.521900000
0.055710,1.468600000,1.453400000,1.464800000,1.521900000
0.056960,1.468600000,1.453400000,1.464800000,1.521900000
0.059880,1.468600000,1.453400000,1.464800000,1.521900000
0.060730,1.468600000,1.453400000,1.464800000,1.521900000
0.064730,1.461000000,1.461000000,1.464800000,1.510500000
0.065680,1.461000000,1.461000000,1.464800000,1.510500000
0.069690,1.461000000,1.461000000,1.464800000,1.510500000
0.071440,1.461000000,1.461000000,1.464800000,1.510500000
0.075430,1.468600000,1.461000000,1.468600000,1.502800000
0.075930,1.468600000,1.461000000,1.468600000,1.502800000
0.079790,1.468600000,1.461000000,1.468600000,1.502800000
0.080790,1.468600000,1.461000000,1.468600000,1.502800000
0.084730,1.476200000,1.457200000,1.468600000,1.506600000
0.085700,1.476200000,1.457200000,1.468600000,1.506600000
0.091270,1.476200000,1.457200000,1.468600000,1.506600000
0.092940,1.483800000,1.457200000,1.468600000,1.525700000
0.094690,1.483800000,1.457200000,1.468600000,1.525700000
0.095830,1.483800000,1.457200000,1.468600000,1.525700000
0.099710,1.483800000,1.457200000,1.468600000,1.525700000
0.100690,1.483800000,1.457200000,1.468600000,1.525700000
0.104840,1.487600000,1.457200000,1.468600000,1.525700000
0.105780,1.487600000,1.457200000,1.468600000,1.525700000
0.109810,1.487600000,1.457200000,1.468600000,1.525700000
0.110730,1.487600000,1.457200000,1.468600000,1.525700000
0.114870,1.487600000,1.461000000,1.464800000,1.533300000
0.116120,1.487600000,1.461000000,1.464800000,1.533300000
0.120010,1.487600000,1.461000000,1.464800000,1.533300000
0.121220,1.487600000,1.461000000,1.464800000,1.533300000
0.124810,1.464800000,1.461000000,1.468600000,1.533300000
0.126540,1.464800000,1.461000000,1.468600000,1.533300000
0.129840,1.464800000,1.461000000,1.468600000,1.533300000
0.132970,1.464800000,1.457200000,1.468600000,1.525700000
0.134640,1.464800000,1.457200000,1.468600000,1.525700000
0.135650,1.464800000,1.457200000,1.468600000,1.525700000
0.140600,1.464800000,1.457200000,1.468600000,1.525700000
0.141340,1.464800000,1.457200000,1.468600000,1.525700000
0.144970,1.468600000,1.457200000,1.468600000,1.506600000
0.147240,1.468600000,1.457200000,1.468600000,1.506600000
0.149660,1.468600000,1.457200000,1.468600000,1.506600000
0.150720,1.468600000,1.457200000,1.468600000,1.506600000
0.157190,1.480000000,1.461000000,1.468600000,1.518100000
0.158750,1.480000000,1.461000000,1.468600000,1.518100000
0.160240,1.480000000,1.461000000,1.468600000,1.518100000
0.162890,1.480000000,1.461000000,1.468600000,1.518100000
0.164670,1.483800000,1.461000000,1.468600000,1.521900000
0.165660,1.483800000,1.461000000,1.468600000,1.521900000
0.169690,1.483800000,1.461000000,1.468600000,1.521900000
0.170750,1.483800000,1.461000000,1.468600000,1.521900000
0.174860,1.495200000,1.461000000,1.464800000,1.533300000
0.176230,1.495200000,1.461000000,1.464800000,1.533300000
0.179730,1.495200000,1.461000000,1.464800000,1.533300000
0.181700,1.495200000,1.461000000,1.464800000,1.533300000
0.184680,1.491400000,1.461000000,1.464800000,1.540900000
0.185740,1.491400000,1.461000000,1.464800000,1.540900000
0.189850,1.491400000,1.461000000,1.464800000,1.540900000
0.190970,1.491400000,1.461000000,1.464800000,1.540900000
0.195380,1.476200000,1.461000000,1.464800000,1.544700000
0.196250,1.476200000,1.461000000,1.464800000,1.544700000
0.199650,1.476200000,1.461000000,1.464800000,1.544700000
0.200710,1.476200000,1.461000000,1.464800000,1.544700000
0.205180,1.464800000,1.464800000,1.468600000,1.533300000
0.207030,1.464800000,1.464800000,1.468600000,1.533300000
0.210090,1.464800000,1.464800000,1.468600000,1.533300000
0.212260,1.464800000,1.464800000,1.468600000,1.533300000
0.214780,1.464800000,1.464800000,1.468600000,1.514300000
0.215670,1.464800000,1.464800000,1.468600000,1.514300000
0.219670,1.464800000,1.464800000,1.468600000,1.514300000
0.220710,1.464800000,1.464800000,1.468600000,1.514300000
0.228120,1.468600000,1.468600000,1.468600000,1.514300000
0.228710,1.468600000,1.468600000,1.468600000,1.514300000
0.229660,1.468600000,1.468600000,1.468600000,1.514300000
0.230740,1.468600000,1.468600000,1.468600000,1.514300000
0.234650,1.476200000,1.468600000,1.468600000,1.514300000
0.235700,1.476200000,1.468600000,1.468600000,1.514300000
0.239990,1.476200000,1.468600000,1.468600000,1.514300000
0.241890,1.476200000,1.468600000,1.468600000,1.514300000
0.244730,1.495200000,1.468600000,1.464800000,1.521900000
0.245790,1.495200000,1.468600000,1.464800000,1.521900000
0.249670,1.495200000,1.468600000,1.464800000,1.521900000
0.250710,1.495200000,1.468600000,1.464800000,1.521900000
0.255020,1.495200000,1.468600000,1.464800000,1.544700000
0.257470,1.495200000,1.468600000,1.464800000,1.544700000
0.259700,1.495200000,1.468600000,1.464800000,1.544700000
0.261380,1.495200000,1.468600000,1.464800000,1.544700000
0.264650,1.499000000,1.464800000,1.464800000,1.552300000
0.265680,1.499000000,1.464800000,1.464800000,1.552300000
0.269690,1.499000000,1.464800000,1.464800000,1.552300000
0.270810,1.499000000,1.464800000,1.464800000,1.552300000
0.274830,1.487600000,1.464800000,1.468600000,1.544700000
0.275740,1.487600000,1.464800000,1.468600000,1.544700000
0.279740,1.487600000,1.464800000,1.468600000,1.544700000
0.280750,1.487600000,1.464800000,1.468600000,1.544700000
0.284650,1.468600000,1.464800000,1.472400000,1.533300000
0.285680,1.468600000,1.464800000,1.472400000,1.533300000
0.289780,1.468600000,1.464800000,1.472400000,1.533300000
0.290810,1.468600000,1.464800000,1.472400000,1.533300000
0.294650,1.464800000,1.472400000,1.472400000,1.529500000
0.295680,1.464800000,1.472400000,1.472400000,1.529500000
0.299640,1.464800000,1.472400000,1.472400000,1.529500000
0.300730,1.464800000,1.472400000,1.472400000,1.529500000
0.305490,1.464800000,1.468600000,1.453400000,1.518100000
0.307260,1.464800000,1.468600000,1.453400000,1.518100000
0.310890,1.464800000,1.468600000,1.453400000,1.518100000
0.311490,1.464800000,1.468600000,1.453400000,1.518100000
0.315470,1.476200000,1.468600000,1.472400000,1.514300000
0.316400,1.476200000,1.468600000,1.472400000,1.514300000
0.320170,1.476200000,1.468600000,1.472400000,1.514300000
0.321430,1.476200000,1.468600000,1.472400000,1.514300000
0.325050,1.495200000,1.461000000,1.468600000,1.521900000
0.326600,1.495200000,1.461000000,1.468600000,1.521900000
0.329660,1.495200000,1.461000000,1.468600000,1.521900000
0.330820,1.495200000,1.461000000,1.468600000,1.521900000
0.335110,1.499000000,1.464800000,1.457200000,1.537100000
0.335880,1.499000000,1.464800000,1.457200000,1.537100000
0.340510,1.499000000,1.464800000,1.457200000,1.537100000
0.341220,1.499000000,1.464800000,1.457200000,1.537100000
0.344710,1.502800000,1.461000000,1.468600000,1.544700000
0.345760,1.502800000,1.461000000,1.468600000,1.544700000
0.349720,1.502800000,1.461000000,1.468600000,1.544700000
0.351020,1.502800000,1.461000000,1.468600000,1.544700000
0.354670,1.491400000,1.461000000,1.476200000,1.544700000
0.355710,1.491400000,1.461000000,1.476200000,1.544700000
0.359740,1.491400000,1.461000000,1.476200000,1.544700000
0.360780,1.491400000,1.461000000,1.476200000,1.544700000
0.364670,1.472400000,1.461000000,1.483800000,1.537100000
0.365720,1.472400000,1.461000000,1.483800000,1.537100000
0.369740,1.472400000,1.461000000,1.483800000,1.537100000
0.370720,1.472400000,1.461000000,1.483800000,1.537100000
0.374790,1.468600000,1.464800000,1.476200000,1.525700000
0.375860,1.468600000,1.464800000,1.476200000,1.525700000
0.379670,1.468600000,1.464800000,1.476200000,1.525700000
0.381360,1.468600000,1.464800000,1.476200000,1.525700000
0.384760,1.476200000,1.464800000,1.476200000,1.518100000
0.385710,1.476200000,1.464800000,1.476200000,1.518100000
0.390070,1.476200000,1.464800000,1.476200000,1.518100000
0.391490,1.476200000,1.464800000,1.476200000,1.518100000
0.394740,1.480000000,1.468600000,1.453400000,1.518100000
0.395680,1.480000000,1.468600000,1.453400000,1.518100000
0.399850,1.480000000,1.468600000,1.453400000,1.518100000
0.401170,1.480000000,1.468600000,1.453400000,1.518100000
0.404710,1.495200000,1.468600000,1.499000000,1.537100000
0.405710,1.495200000,1.468600000,1.499000000,1.537100000
0.409810,1.495200000,1.468600000,1.499000000,1.537100000
0.410850,1.495200000,1.468600000,1.499000000,1.537100000
0.415080,1.499000000,1.461000000,1.472400000,1.537100000
0.416090,1.499000000,1.461000000,1.472400000,1.537100000
0.419690,1.499000000,1.461000000,1.472400000,1.537100000
0.420840,1.499000000,1.461000000,1.472400000,1.537100000
0.424790,1.491400000,1.461000000,1.472400000,1.552300000
0.425770,1.491400000,1.461000000,1.472400000,1.552300000
0.430540,1.491400000,1.461000000,1.472400000,1.552300000
0.432290,1.491400000,1.461000000,1.472400000,1.552300000
0.434670,1.487600000,1.464800000,1.472400000,1.540900000
0.435750,1.487600000,1.464800000,1.472400000,1.540900000
0.440060,1.487600000,1.464800000,1.472400000,1.540900000
0.441720,1.487600000,1.464800000,1.472400000,1.540900000
0.445050,1.476200000,1.461000000,1.476200000,1.529500000
0.445730,1.476200000,1.461000000,1.476200000,1.529500000
0.449690,1.476200000,1.461000000,1.476200000,1.529500000
0.450740,1.476200000,1.461000000,1.476200000,1.529500000
0.454670,1.483800000,1.464800000,1.480000000,1.525700000
0.455730,1.483800000,1.464800000,1.480000000,1.525700000
0.459770,1.483800000,1.464800000,1.480000000,1.525700000
0.461120,1.483800000,1.464800000,1.480000000,1.525700000
0.465640,1.491400000,1.464800000,1.476200000,1.529500000
0.466860,1.491400000,1.464800000,1.476200000,1.529500000
0.470430,1.491400000,1.464800000,1.476200000,1.529500000
0.471060,1.491400000,1.464800000,1.476200000,1.529500000
0.474680,1.491400000,1.464800000,1.476200000,1.537100000
0.475980,1.491400000,1.464800000,1.476200000,1.537100000
0.480670,1.491400000,1.464800000,1.476200000,1.537100000
0.482590,1.499000000,1.457200000,1.476200000,1.544700000
0.484790,1.499000000,1.457200000,1.476200000,1.544700000
0.485700,1.499000000,1.457200000,1.476200000,1.544700000
0.489690,1.499000000,1.457200000,1.476200000,1.544700000
0.491040,1.499000000,1.457200000,1.476200000,1.544700000
0.494890,1.491400000,1.453400000,1.476200000,1.552300000
0.497350,1.491400000,1.453400000,1.476200000,1.552300000
0.499670,1.491400000,1.453400000,1.476200000,1.552300000
0.500740,1.491400000,1.453400000,1.476200000,1.552300000
0.504670,1.483800000,1.461000000,1.476200000,1.537100000
0.505740,1.483800000,1.461000000,1.476200000,1.537100000
0.515660,1.476200000,1.461000000,1.476200000,1.525700000
0.516340,1.476200000,1.461000000,1.476200000,1.525700000
0.516750,1.476200000,1.461000000,1.476200000,1.525700000
0.517050,1.476200000,1.461000000,1.476200000,1.525700000
0.519670,1.476200000,1.461000000,1.476200000,1.525700000
0.520740,1.476200000,1.461000000,1.476200000,1.525700000
0.525230,1.476200000,1.461000000,1.476200000,1.525700000
0.526130,1.476200000,1.461000000,1.476200000,1.525700000
0.531230,1.476200000,1.461000000,1.476200000,1.525700000
0.531980,1.476200000,1.461000000,1.476200000,1.525700000
0.534670,1.491400000,1.461000000,1.480000000,1.518100000
0.535750,1.491400000,1.461000000,1.480000000,1.518100000
0.539660,1.491400000,1.461000000,1.480000000,1.518100000
0.540950,1.491400000,1.461000000,1.480000000,1.518100000
0.544810,1.495200000,1.464800000,1.480000000,1.540900000
0.545890,1.495200000,1.464800000,1.480000000,1.540900000
0.549750,1.495200000,1.464800000,1.480000000,1.540900000
0.550790,1.495200000,1.464800000,1.480000000,1.540900000
0.554650,1.502800000,1.461000000,1.480000000,1.544700000
0.555720,1.502800000,1.461000000,1.480000000,1.544700000
0.559930,1.502800000,1.461000000,1.480000000,1.544700000
0.560850,1.502800000,1.461000000,1.480000000,1.544700000
0.564760,1.502800000,1.457200000,1.476200000,1.552300000
0.565740,1.502800000,1.457200000,1.476200000,1.552300000
0.569650,1.502800000,1.457200000,1.476200000,1.552300000
0.570750,1.502800000,1.457200000,1.476200000,1.552300000
0.575110,1.483800000,1.457200000,1.480000000,1.540900000
0.577140,1.483800000,1.457200000,1.480000000,1.540900000
0.579750,1.483800000,1.457200000,1.480000000,1.540900000
0.581460,1.483800000,1.457200000,1.480000000,1.540900000
0.584670,1.480000000,1.461000000,1.483800000,1.544700000
0.585730,1.480000000,1.461000000,1.483800000,1.544700000
0.589700,1.480000000,1.461000000,1.483800000,1.544700000
0.590960,1.480000000,1.461000000,1.483800000,1.544700000
0.594720,1.480000000,1.461000000,1.491400000,1.521900000
0.595970,1.480000000,1.461000000,1.491400000,1.521900000
0.599670,1.480000000,1.461000000,1.491400000,1.521900000
0.600750,1.480000000,1.461000000,1.491400000,1.521900000
0.604710,1.491400000,1.461000000,1.487600000,1.525700000
0.605800,1.491400000,1.461000000,1.487600000,1.525700000
0.609900,1.491400000,1.461000000,1.487600000,1.525700000
0.611020,1.491400000,1.461000000,1.487600000,1.525700000
0.614670,1.495200000,1.461000000,1.483800000,1.533300000
0.615800,1.495200000,1.461000000,1.483800000,1.533300000
0.619680,1.495200000,1.461000000,1.483800000,1.533300000
0.620750,1.495200000,1.461000000,1.483800000,1.533300000
0.624800,1.506600000,1.457200000,1.483800000,1.544700000
0.628830,1.506600000,1.457200000,1.483800000,1.544700000
0.630660,1.506600000,1.457200000,1.483800000,1.544700000
0.631250,1.506600000,1.457200000,1.483800000,1.544700000
0.634680,1.506600000,1.457200000,1.483800000,1.552300000
0.635750,1.506600000,1.457200000,1.483800000,1.552300000
0.639970,1.506600000,1.457200000,1.483800000,1.552300000
0.640920,1.506600000,1.457200000,1.483800000,1.552300000
0.644750,1.502800000,1.457200000,1.483800000,1.552300000
0.648690,1.502800000,1.457200000,1.483800000,1.552300000
0.649650,1.502800000,1.457200000,1.483800000,1.552300000
0.650750,1.502800000,1.457200000,1.483800000,1.552300000
0.654880,1.491400000,1.453400000,1.491400000,1.533300000
0.656150,1.491400000,1.453400000,1.491400000,1.533300000
0.660640,1.491400000,1.453400000,1.491400000,1.533300000
0.661410,1.491400000,1.453400000,1.491400000,1.533300000
0.664670,1.480000000,1.457200000,1.487600000,1.533300000
0.665740,1.480000000,1.457200000,1.487600000,1.533300000
0.669710,1.480000000,1.457200000,1.487600000,1.533300000
0.670880,1.480000000,1.457200000,1.487600000,1.533300000
0.675260,1.483800000,1.461000000,1.491400000,1.514300000
0.676210,1.483800000,1.461000000,1.491400000,1.514300000
0.679680,1.483800000,1.461000000,1.491400000,1.514300000
0.681600,1.483800000,1.461000000,1.491400000,1.514300000
0.684690,1.495200000,1.461000000,1.487600000,1.518100000
0.685770,1.495200000,1.461000000,1.487600000,1.518100000
0.689690,1.495200000,1.461000000,1.487600000,1.518100000
0.691980,1.495200000,1.461000000,1.487600000,1.518100000
0.695300,1.499000000,1.457200000,1.487600000,1.521900000
0.695840,1.499000000,1.457200000,1.487600000,1.521900000
0.699640,1.499000000,1.457200000,1.487600000,1.521900000
0.700760,1.499000000,1.457200000,1.487600000,1.521900000
0.704730,1.510500000,1.457200000,1.487600000,1.548500000
0.705770,1.510500000,1.457200000,1.487600000,1.548500000
0.709770,1.510500000,1.457200000,1.487600000,1.548500000
0.710830,1.510500000,1.457200000,1.487600000,1.548500000
0.714680,1.510500000,1.453400000,1.491400000,1.552300000
0.715730,1.510500000,1.453400000,1.491400000,1.552300000
0.720010,1.510500000,1.453400000,1.491400000,1.552300000
0.721000,1.510500000,1.453400000,1.491400000,1.552300000
0.724820,1.499000000,1.453400000,1.491400000,1.552300000
0.725760,1.499000000,1.453400000,1.491400000,1.552300000
0.729660,1.499000000,1.453400000,1.491400000,1.552300000
0.730810,1.499000000,1.453400000,1.491400000,1.552300000
0.734690,1.483800000,1.457200000,1.491400000,1.552300000
0.735950,1.483800000,1.457200000,1.491400000,1.552300000
0.739660,1.483800000,1.457200000,1.491400000,1.552300000
0.741000,1.483800000,1.457200000,1.491400000,1.552300000
0.748590,1.483800000,1.457200000,1.495200000,1.529500000
0.749100,1.483800000,1.457200000,1.495200000,1.529500000
0.749630,1.483800000,1.457200000,1.495200000,1.529500000
0.751000,1.483800000,1.457200000,1.495200000,1.529500000
0.754690,1.480000000,1.453400000,1.499000000,1.518100000
0.755760,1.480000000,1.453400000,1.499000000,1.518100000
0.759790,1.480000000,1.453400000,1.499000000,1.518100000
0.762390,1.480000000,1.453400000,1.499000000,1.518100000
0.764670,1.480000000,1.461000000,1.495200000,1.514300000
0.765770,1.480000000,1.461000000,1.495200000,1.514300000
0.769720,1.480000000,1.461000000,1.495200000,1.514300000
0.770790,1.480000000,1.461000000,1.495200000,1.514300000
0.775000,1.499000000,1.453400000,1.495200000,1.521900000
0.776530,1.499000000,1.453400000,1.495200000,1.521900000
0.781720,1.499000000,1.453400000,1.495200000,1.521900000
0.782860,1.502800000,1.453400000,1.472400000,1.533300000
0.785910,1.502800000,1.453400000,1.472400000,1.533300000
0.786800,1.502800000,1.453400000,1.472400000,1.533300000
0.789720,1.502800000,1.453400000,1.472400000,1.533300000
0.790830,1.502800000,1.453400000,1.472400000,1.533300000
0.794770,1.510500000,1.449600000,1.491400000,1.540900000
0.796430,1.510500000,1.449600000,1.491400000,1.540900000
0.799870,1.510500000,1.449600000,1.491400000,1.540900000
0.800830,1.510500000,1.449600000,1.491400000,1.540900000
0.804670,1.506600000,1.449600000,1.491400000,1.552300000
0.805750,1.506600000,1.449600000,1.491400000,1.552300000
0.809730,1.506600000,1.449600000,1.491400000,1.552300000
0.810850,1.506600000,1.449600000,1.491400000,1.552300000
0.817400,1.506600000,1.445800000,1.495200000,1.556100000
0.817850,1.506600000,1.445800000,1.495200000,1.556100000
0.819670,1.506600000,1.445800000,1.495200000,1.556100000
0.820780,1.506600000,1.445800000,1.495200000,1.556100000
0.824920,1.487600000,1.453400000,1.499000000,1.533300000
0.825920,1.487600000,1.453400000,1.499000000,1.533300000
0.829690,1.487600000,1.453400000,1.499000000,1.533300000
0.830890,1.487600000,1.453400000,1.499000000,1.533300000
0.834730,1.483800000,1.453400000,1.499000000,1.533300000
0.835750,1.483800000,1.453400000,1.499000000,1.533300000
0.839680,1.483800000,1.453400000,1.499000000,1.533300000
0.840800,1.483800000,1.453400000,1.499000000,1.533300000
0.844770,1.480000000,1.461000000,1.499000000,1.510500000
0.849840,1.480000000,1.461000000,1.499000000,1.510500000
0.850630,1.480000000,1.461000000,1.499000000,1.510500000
0.851390,1.480000000,1.461000000,1.499000000,1.510500000
0.854680,1.491400000,1.453400000,1.495200000,1.514300000
0.855760,1.491400000,1.453400000,1.495200000,1.514300000
0.859780,1.491400000,1.453400000,1.495200000,1.514300000
0.861790,1.491400000,1.453400000,1.495200000,1.514300000
0.864690,1.491400000,1.445800000,1.495200000,1.518100000
0.865740,1.491400000,1.445800000,1.495200000,1.518100000
0.869680,1.491400000,1.445800000,1.495200000,1.518100000
0.870800,1.491400000,1.445800000,1.495200000,1.518100000
0.874870,1.506600000,1.445800000,1.491400000,1.529500000
0.875850,1.506600000,1.445800000,1.491400000,1.529500000
0.879740,1.506600000,1.445800000,1.491400000,1.529500000
0.884070,1.510500000,1.445800000,1.491400000,1.540900000
0.884770,1.510500000,1.445800000,1.491400000,1.540900000
0.885760,1.510500000,1.445800000,1.491400000,1.540900000
0.890050,1.510500000,1.445800000,1.491400000,1.540900000
0.891440,1.510500000,1.445800000,1.491400000,1.540900000
0.895480,1.506600000,1.445800000,1.495200000,1.552300000
0.897050,1.506600000,1.445800000,1.495200000,1.552300000
0.899650,1.506600000,1.445800000,1.495200000,1.552300000
0.900830,1.506600000,1.445800000,1.495200000,1.552300000
0.904650,1.506600000,1.445800000,1.499000000,1.552300000
0.905760,1.506600000,1.445800000,1.499000000,1.552300000
0.909820,1.506600000,1.445800000,1.499000000,1.552300000
0.910860,1.506600000,1.445800000,1.499000000,1.552300000
0.915230,1.487600000,1.449600000,1.499000000,1.533300000
0.916210,1.487600000,1.449600000,1.499000000,1.533300000
0.919720,1.487600000,1.449600000,1.499000000,1.533300000
0.920780,1.487600000,1.449600000,1.499000000,1.533300000
0.924790,1.476200000,1.457200000,1.495200000,1.529500000
0.925830,1.476200000,1.457200000,1.495200000,1.529500000
0.930550,1.476200000,1.457200000,1.495200000,1.529500000
0.931140,1.476200000,1.457200000,1.495200000,1.529500000
0.934670,1.472400000,1.453400000,1.499000000,1.533300000
0.935750,1.472400000,1.453400000,1.499000000,1.533300000
0.940060,1.472400000,1.453400000,1.499000000,1.533300000
0.941820,1.472400000,1.453400000,1.499000000,1.533300000
0.944820,1.480000000,1.453400000,1.495200000,1.518100000
0.949850,1.480000000,1.453400000,1.495200000,1.518100000
0.950570,1.480000000,1.453400000,1.495200000,1.518100000
0.951120,1.480000000,1.453400000,1.495200000,1.518100000
0.954630,1.483800000,1.453400000,1.495200000,1.525700000
0.955770,1.483800000,1.453400000,1.495200000,1.525700000
0.959880,1.483800000,1.453400000,1.495200000,1.525700000
0.961220,1.483800000,1.453400000,1.495200000,1.525700000
0.964650,1.502800000,1.445800000,1.495200000,1.537100000
0.965790,1.502800000,1.445800000,1.495200000,1.537100000
0.969640,1.502800000,1.445800000,1.495200000,1.537100000
0.970790,1.502800000,1.445800000,1.495200000,1.537100000
0.974760,1.502800000,1.449600000,1.491400000,1.544700000
0.975900,1.502800000,1.449600000,1.491400000,1.544700000
0.980230,1.502800000,1.449600000,1.491400000,1.544700000
0.982890,1.502800000,1.445800000,1.491400000,1.552300000
0.984630,1.502800000,1.445800000,1.491400000,1.552300000
0.985780,1.502800000,1.445800000,1.491400000,1.552300000
0.989750,1.502800000,1.445800000,1.491400000,1.552300000
0.991510,1.502800000,1.445800000,1.491400000,1.552300000
0.994780,1.491400000,1.449600000,1.491400000,1.544700000
0.995860,1.491400000,1.449600000,1.491400000,1.544700000
0.999660,1.491400000,1.449600000,1.491400000,1.544700000
1.000810,1.491400000,1.449600000,1.491400000,1.544700000
1.004620,1.472400000,1.461000000,1.495200000,1.529500000
1.005840,1.472400000,1.461000000,1.495200000,1.529500000
1.009850,1.472400000,1.461000000,1.495200000,1.529500000
1.010870,1.472400000,1.461000000,1.495200000,1.529500000
1.015730,1.472400000,1.457200000,1.491400000,1.518100000
1.016590,1.472400000,1.457200000,1.491400000,1.518100000
1.019660,1.472400000,1.457200000,1.491400000,1.518100000
1.020770,1.472400000,1.457200000,1.491400000,1.518100000
1.025100,1.472400000,1.457200000,1.491400000,1.518100000
1.026570,1.472400000,1.457200000,1.491400000,1.518100000
1.029810,1.472400000,1.457200000,1.491400000,1.518100000
1.030790,1.472400000,1.457200000,1.491400000,1.518100000
1.034630,1.483800000,1.457200000,1.487600000,1.521900000
1.035780,1.483800000,1.457200000,1.487600000,1.521900000
1.039970,1.483800000,1.457200000,1.487600000,1.521900000
1.040890,1.483800000,1.457200000,1.487600000,1.521900000
1.044780,1.499000000,1.453400000,1.483800000,1.540900000
1.045820,1.499000000,1.453400000,1.483800000,1.540900000
1.049720,1.499000000,1.453400000,1.483800000,1.540900000
1.050810,1.499000000,1.453400000,1.483800000,1.540900000
1.054900,1.502800000,1.453400000,1.483800000,1.537100000
1.056190,1.502800000,1.453400000,1.483800000,1.537100000
1.059960,1.502800000,1.453400000,1.483800000,1.537100000
1.060900,1.502800000,1.453400000,1.483800000,1.537100000
1.064650,1.499000000,1.453400000,1.487600000,1.552300000
1.065770,1.499000000,1.453400000,1.487600000,1.552300000
1.069650,1.499000000,1.453400000,1.487600000,1.552300000
1.070840,1.499000000,1.453400000,1.487600000,1.552300000
1.074750,1.487600000,1.457200000,1.491400000,1.544700000
1.076120,1.487600000,1.457200000,1.491400000,1.544700000
1.080760,1.487600000,1.457200000,1.491400000,1.544700000
1.082580,1.487600000,1.457200000,1.491400000,1.544700000
1.084860,1.487600000,1.457200000,1.491400000,1.544700000
1.085860,1.480000000,1.461000000,1.491400000,1.525700000
1.089910,1.480000000,1.461000000,1.491400000,1.525700000
1.091580,1.480000000,1.461000000,1.491400000,1.525700000
1.094990,1.472400000,1.464800000,1.491400000,1.525700000
1.095880,1.472400000,1.464800000,1.491400000,1.525700000
1.099780,1.472400000,1.464800000,1.491400000,1.525700000
1.100790,1.472400000,1.464800000,1.491400000,1.525700000
1.104780,1.472400000,1.464800000,1.487600000,1.510500000
1.105780,1.472400000,1.464800000,1.487600000,1.510500000
1.109790,1.472400000,1.464800000,1.487600000,1.510500000
1.110860,1.472400000,1.464800000,1.487600000,1.510500000
1.115310,1.487600000,1.457200000,1.487600000,1.514300000
1.115790,1.487600000,1.457200000,1.487600000,1.514300000
1.119700,1.487600000,1.457200000,1.487600000,1.514300000
1.120820,1.487600000,1.457200000,1.487600000,1.514300000
1.125630,1.491400000,1.461000000,1.483800000,1.529500000
1.126230,1.491400000,1.461000000,1.483800000,1.529500000
1.132540,1.502800000,1.457200000,1.487600000,1.529500000
1.133160,1.502800000,1.457200000,1.487600000,1.529500000
1.135220,1.502800000,1.457200000,1.487600000,1.529500000
1.135990,1.502800000,1.457200000,1.487600000,1.529500000
1.139670,1.502800000,1.457200000,1.487600000,1.529500000
1.140840,1.502800000,1.457200000,1.487600000,1.529500000
1.144730,1.502800000,1.461000000,1.483800000,1.544700000
1.148600,1.502800000,1.461000000,1.483800000,1.544700000
1.150490,1.502800000,1.461000000,1.483800000,1.544700000
1.152530,1.487600000,1.461000000,1.483800000,1.544700000
1.154620,1.487600000,1.461000000,1.483800000,1.544700000
1.155790,1.487600000,1.461000000,1.483800000,1.544700000
1.159730,1.487600000,1.461000000,1.483800000,1.544700000
1.160860,1.487600000,1.461000000,1.483800000,1.544700000
1.164630,1.487600000,1.461000000,1.491400000,1.540900000
1.165790,1.487600000,1.461000000,1.491400000,1.540900000
1.169680,1.487600000,1.461000000,1.491400000,1.540900000
1.170840,1.487600000,1.461000000,1.491400000,1.540900000
1.175080,1.468600000,1.464800000,1.487600000,1.529500000
1.176550,1.468600000,1.464800000,1.487600000,1.529500000
1.181650,1.468600000,1.464800000,1.487600000,1.529500000
1.182300,1.468600000,1.464800000,1.487600000,1.529500000
1.184790,1.472400000,1.472400000,1.487600000,1.518100000
1.185790,1.472400000,1.472400000,1.487600000,1.518100000
1.189630,1.472400000,1.472400000,1.487600000,1.518100000
1.190920,1.472400000,1.472400000,1.487600000,1.518100000
1.194770,1.480000000,1.464800000,1.480000000,1.518100000
1.196040,1.480000000,1.464800000,1.480000000,1.518100000
1.200010,1.480000000,1.464800000,1.480000000,1.518100000
1.200850,1.480000000,1.464800000,1.480000000,1.518100000
1.204660,1.495200000,1.464800000,1.480000000,1.525700000
1.205780,1.495200000,1.464800000,1.480000000,1.525700000
1.209730,1.495200000,1.464800000,1.480000000,1.525700000
1.210870,1.495200000,1.464800000,1.480000000,1.525700000
1.214810,1.499000000,1.461000000,1.476200000,1.540900000
1.216690,1.499000000,1.461000000,1.476200000,1.540900000
1.219680,1.499000000,1.461000000,1.476200000,1.540900000
1.220880,1.499000000,1.461000000,1.476200000,1.540900000
1.225070,1.499000000,1.461000000,1.476200000,1.552300000
1.226310,1.499000000,1.461000000,1.476200000,1.552300000
1.229640,1.499000000,1.461000000,1.476200000,1.552300000
1.230920,1.499000000,1.461000000,1.476200000,1.552300000
1.234670,1.499000000,1.464800000,1.480000000,1.556100000
1.235800,1.499000000,1.464800000,1.480000000,1.556100000
1.239640,1.499000000,1.464800000,1.480000000,1.556100000
1.241040,1.499000000,1.464800000,1.480000000,1.556100000
1.244790,1.499000000,1.464800000,1.480000000,1.556100000
1.250080,1.480000000,1.464800000,1.483800000,1.537100000
1.250690,1.480000000,1.464800000,1.483800000,1.537100000
1.251150,1.480000000,1.464800000,1.483800000,1.537100000
1.254610,1.476200000,1.468600000,1.483800000,1.537100000
1.255800,1.476200000,1.468600000,1.483800000,1.537100000
1.259790,1.476200000,1.468600000,1.483800000,1.537100000
1.260900,1.476200000,1.468600000,1.483800000,1.537100000
1.264740,1.468600000,1.468600000,1.483800000,1.518100000
1.265850,1.468600000,1.468600000,1.483800000,1.518100000
1.269670,1.468600000,1.468600000,1.483800000,1.518100000
1.270820,1.468600000,1.468600000,1.483800000,1.518100000
1.274790,1.472400000,1.468600000,1.483800000,1.514300000
1.275830,1.472400000,1.468600000,1.483800000,1.514300000
1.279930,1.472400000,1.468600000,1.483800000,1.514300000
1.281870,1.472400000,1.468600000,1.483800000,1.514300000
1.284650,1.487600000,1.464800000,1.483800000,1.518100000
1.285800,1.487600000,1.464800000,1.483800000,1.518100000
1.289670,1.487600000,1.464800000,1.483800000,1.518100000
1.291710,1.495200000,1.464800000,1.480000000,1.521900000
1.295540,1.495200000,1.464800000,1.480000000,1.521900000
1.296970,1.495200000,1.464800000,1.480000000,1.521900000
1.299660,1.495200000,1.464800000,1.480000000,1.521900000
1.300850,1.495200000,1.464800000,1.480000000,1.521900000
1.304640,1.499000000,1.461000000,1.480000000,1.540900000
1.305830,1.499000000,1.461000000,1.480000000,1.540900000
1.309780,1.499000000,1.461000000,1.480000000,1.540900000
1.311580,1.499000000,1.461000000,1.480000000,1.540900000
1.315910,1.499000000,1.461000000,1.476200000,1.544700000
1.316530,1.499000000,1.461000000,1.476200000,1.544700000
1.319670,1.499000000,1.461000000,1.476200000,1.544700000
1.320820,1.499000000,1.461000000,1.476200000,1.544700000
1.324770,1.491400000,1.461000000,1.483800000,1.548500000
1.325860,1.491400000,1.461000000,1.483800000,1.548500000
1.329830,1.491400000,1.461000000,1.483800000,1.548500000
1.331050,1.491400000,1.461000000,1.483800000,1.548500000
1.334690,1.472400000,1.464800000,1.480000000,1.525700000
1.335770,1.472400000,1.464800000,1.480000000,1.525700000
1.339670,1.472400000,1.464800000,1.480000000,1.525700000
1.341170,1.472400000,1.464800000,1.480000000,1.525700000
1.344830,1.476200000,1.464800000,1.483800000,1.514300000
1.350490,1.476200000,1.464800000,1.483800000,1.514300000
1.351210,1.476200000,1.464800000,1.483800000,1.514300000
1.351760,1.476200000,1.464800000,1.483800000,1.514300000
1.354920,1.480000000,1.461000000,1.495200000,1.514300000
1.355820,1.480000000,1.461000000,1.495200000,1.514300000
1.359840,1.480000000,1.461000000,1.495200000,1.514300000
1.361060,1.480000000,1.461000000,1.495200000,1.514300000
1.364870,1.499000000,1.457200000,1.483800000,1.521900000
1.365780,1.499000000,1.457200000,1.483800000,1.521900000
1.369640,1.499000000,1.457200000,1.483800000,1.521900000
1.370830,1.499000000,1.457200000,1.483800000,1.521900000
1.374740,1.499000000,1.457200000,1.480000000,1.537100000
1.376110,1.499000000,1.457200000,1.480000000,1.537100000
1.382950,1.499000000,1.457200000,1.483800000,1.537100000
1.383810,1.499000000,1.457200000,1.483800000,1.537100000
1.384630,1.499000000,1.457200000,1.483800000,1.537100000
1.385840,1.499000000,1.457200000,1.483800000,1.537100000
1.389670,1.499000000,1.457200000,1.483800000,1.537100000
1.391470,1.499000000,1.457200000,1.483800000,1.537100000
1.394760,1.487600000,1.464800000,1.483800000,1.525700000
1.395890,1.487600000,1.464800000,1.483800000,1.525700000
1.399690,1.487600000,1.464800000,1.483800000,1.525700000
1.400900,1.487600000,1.464800000,1.483800000,1.525700000
1.404670,1.476200000,1.457200000,1.480000000,1.529500000
1.405850,1.476200000,1.457200000,1.480000000,1.529500000
1.416170,1.472400000,1.461000000,1.483800000,1.510500000
1.416840,1.472400000,1.461000000,1.483800000,1.510500000
1.417380,1.472400000,1.461000000,1.483800000,1.510500000
1.417740,1.472400000,1.461000000,1.483800000,1.510500000
1.419650,1.472400000,1.461000000,1.483800000,1.510500000
1.420870,1.472400000,1.461000000,1.483800000,1.510500000
1.425130,1.480000000,1.461000000,1.483800000,1.514300000
1.425970,1.480000000,1.461000000,1.483800000,1.514300000
1.429720,1.480000000,1.461000000,1.483800000,1.514300000
1.430940,1.480000000,1.461000000,1.483800000,1.514300000
1.434680,1.495200000,1.457200000,1.461000000,1.529500000
1.435780,1.495200000,1.457200000,1.461000000,1.529500000
1.440220,1.495200000,1.457200000,1.461000000,1.529500000
1.442330,1.495200000,1.457200000,1.461000000,1.529500000
1.444880,1.495200000,1.453400000,1.483800000,1.529500000
1.446100,1.495200000,1.453400000,1.483800000,1.529500000
1.449680,1.495200000,1.453400000,1.483800000,1.529500000
1.450820,1.495200000,1.453400000,1.483800000,1.529500000
1.454770,1.487600000,1.457200000,1.480000000,1.537100000
1.456590,1.487600000,1.457200000,1.480000000,1.537100000
1.459750,1.487600000,1.457200000,1.480000000,1.537100000
1.460940,1.487600000,1.457200000,1.480000000,1.537100000
1.464650,1.483800000,1.449600000,1.483800000,1.533300000
1.465810,1.483800000,1.449600000,1.483800000,1.533300000
1.469670,1.483800000,1.449600000,1.483800000,1.533300000
1.470900,1.483800000,1.449600000,1.483800000,1.533300000
1.475010,1.480000000,1.461000000,1.483800000,1.514300000
1.475980,1.480000000,1.461000000,1.483800000,1.514300000
1.481790,1.480000000,1.461000000,1.483800000,1.514300000
1.482540,1.472400000,1.461000000,1.487600000,1.514300000
1.484640,1.472400000,1.461000000,1.487600000,1.514300000
1.485800,1.472400000,1.461000000,1.487600000,1.514300000
1.489700,1.472400000,1.461000000,1.487600000,1.514300000
1.491000,1.472400000,1.461000000,1.487600000,1.514300000
1.495320,1.476200000,1.457200000,1.483800000,1.510500000
1.495850,1.476200000,1.457200000,1.483800000,1.510500000
1.499640,1.476200000,1.457200000,1.483800000,1.510500000
1.500860,1.476200000,1.457200000,1.483800000,1.510500000
1.504690,1.491400000,1.457200000,1.483800000,1.518100000
1.505880,1.491400000,1.457200000,1.483800000,1.518100000
1.509810,1.491400000,1.457200000,1.483800000,1.518100000
1.511570,1.491400000,1.457200000,1.483800000,1.518100000
1.514750,1.499000000,1.453400000,1.480000000,1.540900000
1.515810,1.499000000,1.453400000,1.480000000,1.540900000
1.519790,1.499000000,1.453400000,1.480000000,1.540900000
1.520930,1.499000000,1.453400000,1.480000000,1.540900000
1.524780,1.495200000,1.457200000,1.483800000,1.540900000
1.525890,1.495200000,1.457200000,1.483800000,1.540900000
1.529700,1.495200000,1.457200000,1.483800000,1.540900000
1.530830,1.495200000,1.457200000,1.483800000,1.540900000
1.535010,1.472400000,1.461000000,1.483800000,1.537100000
1.535810,1.472400000,1.461000000,1.483800000,1.537100000
1.540130,1.472400000,1.461000000,1.483800000,1.537100000
1.543440,1.472400000,1.457200000,1.487600000,1.529500000
1.544620,1.472400000,1.457200000,1.487600000,1.529500000
1.545820,1.472400000,1.457200000,1.487600000,1.529500000
1.549680,1.472400000,1.457200000,1.487600000,1.529500000
1.551020,1.472400000,1.457200000,1.487600000,1.529500000
1.554620,1.468600000,1.453400000,1.483800000,1.518100000
1.556020,1.468600000,1.453400000,1.483800000,1.518100000
1.559770,1.468600000,1.453400000,1.483800000,1.518100000
1.560950,1.468600000,1.453400000,1.483800000,1.518100000
1.564620,1.476200000,1.453400000,1.483800000,1.518100000
1.565810,1.476200000,1.453400000,1.483800000,1.518100000
1.569700,1.476200000,1.453400000,1.483800000,1.518100000
1.570850,1.476200000,1.453400000,1.483800000,1.518100000
1.574760,1.491400000,1.453400000,1.487600000,1.533300000
1.575890,1.491400000,1.453400000,1.487600000,1.533300000
1.579690,1.491400000,1.453400000,1.487600000,1.533300000
1.581290,1.491400000,1.453400000,1.487600000,1.533300000
1.584760,1.491400000,1.453400000,1.483800000,1.533300000
1.585820,1.491400000,1.453400000,1.483800000,1.533300000
1.589690,1.491400000,1.453400000,1.483800000,1.533300000
1.591280,1.491400000,1.453400000,1.483800000,1.533300000
1.594740,1.487600000,1.453400000,1.495200000,1.537100000
1.595860,1.487600000,1.453400000,1.495200000,1.537100000
1.599830,1.487600000,1.453400000,1.495200000,1.537100000
1.600860,1.487600000,1.453400000,1.495200000,1.537100000
1.604620,1.468600000,1.453400000,1.495200000,1.525700000
1.605850,1.468600000,1.453400000,1.495200000,1.525700000
1.611110,1.468600000,1.453400000,1.495200000,1.525700000
1.612200,1.468600000,1.453400000,1.495200000,1.525700000
1.615590,1.468600000,1.457200000,1.495200000,1.514300000
1.617070,1.468600000,1.457200000,1.495200000,1.514300000
1.619620,1.468600000,1.457200000,1.495200000,1.514300000
1.620850,1.468600000,1.457200000,1.495200000,1.514300000
1.624740,1.480000000,1.453400000,1.491400000,1.514300000
1.625870,1.480000000,1.453400000,1.491400000,1.514300000
1.629620,1.480000000,1.453400000,1.491400000,1.514300000
1.631330,1.480000000,1.453400000,1.491400000,1.514300000
1.634660,1.483800000,1.449600000,1.491400000,1.525700000
1.635820,1.483800000,1.449600000,1.491400000,1.525700000
1.640020,1.483800000,1.449600000,1.491400000,1.525700000
1.641670,1.483800000,1.449600000,1.491400000,1.525700000
1.645630,1.491400000,1.445800000,1.487600000,1.525700000
1.646350,1.491400000,1.445800000,1.487600000,1.525700000
1.649910,1.491400000,1.445800000,1.487600000,1.525700000
1.650920,1.491400000,1.445800000,1.487600000,1.525700000
1.654620,1.491400000,1.453400000,1.487600000,1.537100000
1.655820,1.491400000,1.453400000,1.487600000,1.537100000
1.660570,1.491400000,1.453400000,1.487600000,1.537100000
1.661490,1.468600000,1.445800000,1.487600000,1.525700000
1.664720,1.468600000,1.445800000,1.487600000,1.525700000
1.665820,1.468600000,1.445800000,1.487600000,1.525700000
1.669630,1.468600000,1.445800000,1.487600000,1.525700000
1.670820,1.468600000,1.445800000,1.487600000,1.525700000
1.674710,1.468600000,1.445800000,1.491400000,1.521900000
1.675930,1.468600000,1.445800000,1.491400000,1.521900000
1.680290,1.468600000,1.445800000,1.491400000,1.521900000
1.681610,1.468600000,1.445800000,1.491400000,1.521900000
1.684690,1.468600000,1.457200000,1.491400000,1.510500000
1.685810,1.468600000,1.457200000,1.491400000,1.510500000
1.690040,1.468600000,1.457200000,1.491400000,1.510500000
1.690870,1.468600000,1.457200000,1.491400000,1.510500000
1.694790,1.483800000,1.445800000,1.491400000,1.510500000
1.696110,1.483800000,1.445800000,1.491400000,1.510500000
1.699610,1.483800000,1.445800000,1.491400000,1.510500000
1.700850,1.483800000,1.445800000,1.491400000,1.510500000
1.704650,1.495200000,1.445800000,1.491400000,1.521900000
1.706070,1.495200000,1.445800000,1.491400000,1.521900000
1.710600,1.495200000,1.445800000,1.491400000,1.521900000
1.711250,1.495200000,1.445800000,1.491400000,1.521900000
1.715540,1.495200000,1.445800000,1.499000000,1.537100000
1.716070,1.495200000,1.445800000,1.499000000,1.537100000
1.719670,1.495200000,1.445800000,1.499000000,1.537100000
1.720870,1.495200000,1.445800000,1.499000000,1.537100000
1.724920,1.495200000,1.445800000,1.487600000,1.533300000
1.726750,1.495200000,1.445800000,1.487600000,1.533300000
1.729650,1.495200000,1.445800000,1.487600000,1.533300000
1.730880,1.495200000,1.445800000,1.487600000,1.533300000
1.734670,1.483800000,1.445800000,1.487600000,1.533300000
1.735830,1.483800000,1.445800000,1.487600000,1.533300000
1.740050,1.483800000,1.445800000,1.487600000,1.533300000
1.743630,1.472400000,1.457200000,1.499000000,1.521900000
1.746080,1.472400000,1.457200000,1.499000000,1.521900000
1.747160,1.472400000,1.457200000,1.499000000,1.521900000
1.750070,1.472400000,1.457200000,1.499000000,1.521900000
1.751550,1.472400000,1.457200000,1.499000000,1.521900000
1.755830,1.468600000,1.445800000,1.487600000,1.506600000
1.757340,1.468600000,1.445800000,1.487600000,1.506600000
1.760050,1.468600000,1.445800000,1.487600000,1.506600000
1.761010,1.468600000,1.445800000,1.487600000,1.506600000
1.768480,1.483800000,1.445800000,1.491400000,1.506600000
1.768890,1.483800000,1.445800000,1.491400000,1.506600000
1.769630,1.483800000,1.445800000,1.491400000,1.506600000
1.770860,1.483800000,1.445800000,1.491400000,1.506600000
1.774750,1.480000000,1.445800000,1.487600000,1.518100000
1.776060,1.480000000,1.445800000,1.487600000,1.518100000
1.779680,1.480000000,1.445800000,1.487600000,1.518100000
1.780880,1.480000000,1.445800000,1.487600000,1.518100000
1.784630,1.495200000,1.449600000,1.487600000,1.529500000
1.785810,1.495200000,1.449600000,1.487600000,1.529500000
1.790550,1.495200000,1.449600000,1.487600000,1.529500000
1.792100,1.495200000,1.449600000,1.487600000,1.529500000
1.797320,1.491400000,1.445800000,1.491400000,1.529500000
1.797750,1.491400000,1.445800000,1.491400000,1.529500000
1.799650,1.491400000,1.445800000,1.491400000,1.529500000
1.800890,1.491400000,1.445800000,1.491400000,1.529500000
1.804640,1.487600000,1.445800000,1.491400000,1.525700000
1.806150,1.487600000,1.445800000,1.491400000,1.525700000
1.810140,1.487600000,1.445800000,1.491400000,1.525700000
1.811660,1.487600000,1.445800000,1.491400000,1.525700000
1.816750,1.468600000,1.445800000,1.480000000,1.521900000
1.817220,1.468600000,1.445800000,1.480000000,1.521900000
1.819620,1.468600000,1.445800000,1.480000000,1.521900000
1.820880,1.468600000,1.445800000,1.480000000,1.521900000
1.824990,1.468600000,1.445800000,1.445800000,1.510500000
1.826140,1.468600000,1.445800000,1.445800000,1.510500000
1.829680,1.468600000,1.445800000,1.445800000,1.510500000
1.830910,1.468600000,1.445800000,1.445800000,1.510500000
1.834700,1.556100000,1.445800000,1.289800000,1.461000000
1.836880,1.556100000,1.445800000,1.289800000,1.461000000
1.839850,1.556100000,1.445800000,1.289800000,1.461000000
1.841790,1.556100000,1.445800000,1.289800000,1.461000000
1.845120,1.499000000,1.449600000,1.388700000,1.476200000
1.847170,1.499000000,1.449600000,1.388700000,1.476200000
1.849840,1.499000000,1.449600000,1.388700000,1.476200000
1.851530,1.499000000,1.449600000,1.388700000,1.476200000
1.854810,1.499000000,1.430600000,1.403900000,1.487600000
1.856500,1.499000000,1.430600000,1.403900000,1.487600000
1.860190,1.499000000,1.430600000,1.403900000,1.487600000
1.861530,1.499000000,1.430600000,1.403900000,1.487600000
1.864710,1.499000000,1.415300000,1.411500000,1.499000000
1.865880,1.499000000,1.415300000,1.411500000,1.499000000
1.871310,1.499000000,1.415300000,1.411500000,1.499000000
1.876000,1.445800000,1.426700000,1.449600000,1.502800000
1.877390,1.445800000,1.426700000,1.449600000,1.502800000
1.877850,1.445800000,1.426700000,1.449600000,1.502800000
1.881790,1.445800000,1.426700000,1.449600000,1.502800000
1.883100,1.430600000,1.422900000,1.445800000,1.491400000
1.884700,1.430600000,1.422900000,1.445800000,1.491400000
1.886130,1.430600000,1.422900000,1.445800000,1.491400000
1.893770,1.430600000,1.422900000,1.445800000,1.491400000
1.894430,1.430600000,1.430600000,1.453400000,1.491400000
1.894750,1.430600000,1.430600000,1.453400000,1.491400000
1.896070,1.430600000,1.430600000,1.453400000,1.491400000
1.900060,1.430600000,1.430600000,1.453400000,1.491400000
1.901120,1.430600000,1.430600000,1.453400000,1.491400000
1.906030,1.415300000,1.430600000,1.434400000,1.483800000
1.906610,1.415300000,1.430600000,1.434400000,1.483800000
1.910870,1.415300000,1.430600000,1.434400000,1.483800000
1.911450,1.415300000,1.430600000,1.434400000,1.483800000
1.916250,1.430600000,1.434400000,1.430600000,1.480000000
1.918310,1.430600000,1.434400000,1.430600000,1.480000000
1.919920,1.430600000,1.434400000,1.430600000,1.480000000
1.921810,1.430600000,1.434400000,1.430600000,1.480000000
1.924740,1.430600000,1.430600000,1.434400000,1.491400000
1.926150,1.430600000,1.430600000,1.434400000,1.491400000
1.929800,1.430600000,1.430600000,1.434400000,1.491400000
1.930930,1.430600000,1.430600000,1.434400000,1.491400000
1.935040,1.442000000,1.430600000,1.426700000,1.514300000
1.937840,1.442000000,1.430600000,1.426700000,1.514300000
1.944670,1.430600000,1.430600000,1.438200000,1.514300000
1.945730,1.430600000,1.430600000,1.438200000,1.514300000
1.946230,1.430600000,1.430600000,1.438200000,1.514300000
1.946650,1.430600000,1.430600000,1.438200000,1.514300000
1.950680,1.430600000,1.430600000,1.438200000,1.514300000
1.952820,1.430600000,1.430600000,1.438200000,1.514300000
1.954670,1.426700000,1.434400000,1.434400000,1.518100000
1.955910,1.426700000,1.434400000,1.434400000,1.518100000
1.960350,1.426700000,1.434400000,1.434400000,1.518100000
1.961930,1.426700000,1.434400000,1.434400000,1.518100000
1.964880,1.400100000,1.430600000,1.434400000,1.514300000
1.965890,1.400100000,1.430600000,1.434400000,1.514300000
1.969740,1.400100000,1.430600000,1.434400000,1.514300000
1.971260,1.400100000,1.430600000,1.434400000,1.514300000
1.974710,1.400100000,1.445800000,1.434400000,1.502800000
1.975960,1.400100000,1.445800000,1.434400000,1.502800000
1.980310,1.400100000,1.445800000,1.434400000,1.502800000
1.985930,1.392500000,1.449600000,1.438200000,1.499000000
1.987220,1.392500000,1.449600000,1.438200000,1.499000000
1.988040,1.392500000,1.449600000,1.438200000,1.499000000
1.989960,1.392500000,1.449600000,1.438200000,1.499000000
1.991010,1.392500000,1.449600000,1.438200000,1.499000000
1.994780,1.392500000,1.445800000,1.426700000,1.499000000
1.996080,1.392500000,1.445800000,1.426700000,1.499000000
2.000740,1.392500000,1.445800000,1.426700000,1.499000000
2.003990,1.411500000,1.449600000,1.434400000,1.506600000
2.004770,1.411500000,1.449600000,1.434400000,1.506600000
2.005940,1.411500000,1.449600000,1.434400000,1.506600000
2.010070,1.411500000,1.449600000,1.434400000,1.506600000
2.011670,1.411500000,1.449600000,1.434400000,1.506600000
2.014840,1.407700000,1.445800000,1.434400000,1.521900000
2.016790,1.407700000,1.445800000,1.434400000,1.521900000
2.021100,1.407700000,1.445800000,1.434400000,1.521900000
2.022940,1.403900000,1.445800000,1.422900000,1.521900000
2.028620,1.403900000,1.445800000,1.422900000,1.521900000
2.029240,1.403900000,1.445800000,1.422900000,1.521900000
2.029850,1.403900000,1.445800000,1.422900000,1.521900000
2.030980,1.403900000,1.445800000,1.422900000,1.521900000
2.034860,1.400100000,1.445800000,1.419100000,1.518100000
2.036100,1.400100000,1.445800000,1.419100000,1.518100000
2.040660,1.400100000,1.445800000,1.419100000,1.518100000
2.041480,1.400100000,1.445800000,1.419100000,1.518100000
2.045190,1.377300000,1.445800000,1.434400000,1.510500000
2.047310,1.377300000,1.445800000,1.434400000,1.510500000
2.051970,1.377300000,1.445800000,1.434400000,1.510500000
2.052820,1.381100000,1.457200000,1.426700000,1.499000000
2.054760,1.381100000,1.457200000,1.426700000,1.499000000
2.055950,1.381100000,1.457200000,1.426700000,1.499000000
2.060020,1.381100000,1.457200000,1.426700000,1.499000000
2.061090,1.381100000,1.457200000,1.426700000,1.499000000
2.065190,1.403900000,1.445800000,1.415300000,1.510500000
2.066230,1.403900000,1.445800000,1.415300000,1.510500000
2.069730,1.403900000,1.445800000,1.415300000,1.510500000
2.070960,1.403900000,1.445800000,1.415300000,1.510500000
2.074780,1.407700000,1.445800000,1.419100000,1.510500000
2.076030,1.407700000,1.445800000,1.419100000,1.510500000
2.081090,1.407700000,1.445800000,1.419100000,1.510500000
2.084620,1.411500000,1.445800000,1.419100000,1.525700000
2.085150,1.411500000,1.445800000,1.419100000,1.525700000
2.085930,1.411500000,1.445800000,1.419100000,1.525700000
2.089840,1.411500000,1.445800000,1.419100000,1.525700000
2.091810,1.411500000,1.445800000,1.419100000,1.525700000
2.094710,1.411500000,1.457200000,1.419100000,1.529500000
2.096200,1.411500000,1.457200000,1.419100000,1.529500000
2.099880,1.411500000,1.457200000,1.419100000,1.529500000
2.101010,1.411500000,1.457200000,1.419100000,1.529500000
2.104810,1.384900000,1.457200000,1.419100000,1.521900000
2.107960,1.384900000,1.457200000,1.419100000,1.521900000
2.109690,1.384900000,1.457200000,1.419100000,1.521900000
2.111090,1.384900000,1.457200000,1.419100000,1.521900000
2.116790,1.384900000,1.449600000,1.419100000,1.506600000
2.117540,1.384900000,1.449600000,1.419100000,1.506600000
2.119730,1.384900000,1.449600000,1.419100000,1.506600000
2.121040,1.384900000,1.449600000,1.419100000,1.506600000
2.124800,1.392500000,1.457200000,1.419100000,1.502800000
2.126040,1.392500000,1.457200000,1.419100000,1.502800000
2.130270,1.392500000,1.457200000,1.419100000,1.502800000
2.132530,1.407700000,1.457200000,1.419100000,1.502800000
2.134740,1.407700000,1.457200000,1.419100000,1.502800000
2.135910,1.407700000,1.457200000,1.419100000,1.502800000
2.140200,1.407700000,1.457200000,1.419100000,1.502800000
2.141850,1.407700000,1.457200000,1.419100000,1.502800000
2.144950,1.422900000,1.457200000,1.415300000,1.514300000
2.153880,1.419100000,1.445800000,1.419100000,1.525700000
2.154690,1.419100000,1.445800000,1.419100000,1.525700000
2.155270,1.419100000,1.445800000,1.419100000,1.525700000
2.155770,1.419100000,1.445800000,1.419100000,1.525700000
2.156300,1.419100000,1.445800000,1.419100000,1.525700000
2.159880,1.419100000,1.445800000,1.419100000,1.525700000
2.162750,1.419100000,1.453400000,1.419100000,1.525700000
2.165070,1.419100000,1.453400000,1.419100000,1.525700000
2.165910,1.419100000,1.453400000,1.419100000,1.525700000
2.169680,1.419100000,1.453400000,1.419100000,1.525700000
2.170940,1.419100000,1.453400000,1.419100000,1.525700000
2.174760,1.400100000,1.453400000,1.422900000,1.521900000
2.177350,1.400100000,1.453400000,1.422900000,1.521900000
2.179990,1.400100000,1.453400000,1.422900000,1.521900000
2.181290,1.400100000,1.453400000,1.422900000,1.521900000
2.185390,1.400100000,1.461000000,1.422900000,1.495200000
2.186490,1.400100000,1.461000000,1.422900000,1.495200000
2.189740,1.400100000,1.461000000,1.422900000,1.495200000
2.191480,1.400100000,1.461000000,1.422900000,1.495200000
2.194790,1.407700000,1.468600000,1.438200000,1.495200000
2.195920,1.407700000,1.468600000,1.438200000,1.495200000
2.199710,1.407700000,1.468600000,1.438200000,1.495200000
2.201580,1.407700000,1.468600000,1.438200000,1.495200000
2.204700,1.411500000,1.461000000,1.419100000,1.495200000
2.205910,1.411500000,1.461000000,1.419100000,1.495200000
2.209710,1.411500000,1.461000000,1.419100000,1.495200000
2.210990,1.411500000,1.461000000,1.419100000,1.495200000
2.214690,1.445800000,1.457200000,1.415300000,1.502800000
2.216640,1.445800000,1.457200000,1.415300000,1.502800000
2.219630,1.445800000,1.457200000,1.415300000,1.502800000
2.220950,1.445800000,1.457200000,1.415300000,1.502800000
2.224710,1.442000000,1.461000000,1.415300000,1.518100000
2.226970,1.442000000,1.461000000,1.415300000,1.518100000
2.229800,1.442000000,1.461000000,1.415300000,1.518100000
2.230980,1.442000000,1.461000000,1.415300000,1.518100000
2.234670,1.438200000,1.464800000,1.415300000,1.518100000
2.235940,1.438200000,1.464800000,1.415300000,1.518100000
2.239890,1.438200000,1.464800000,1.415300000,1.518100000
2.241280,1.438200000,1.464800000,1.415300000,1.518100000
2.244660,1.438200000,1.468600000,1.419100000,1.525700000
2.245930,1.438200000,1.468600000,1.419100000,1.525700000
2.250970,1.438200000,1.468600000,1.419100000,1.525700000
2.251810,1.438200000,1.468600000,1.419100000,1.525700000
2.254740,1.426700000,1.468600000,1.419100000,1.510500000
2.257270,1.426700000,1.468600000,1.419100000,1.510500000
2.259850,1.426700000,1.468600000,1.419100000,1.510500000
2.261530,1.426700000,1.468600000,1.419100000,1.510500000
2.265290,1.419100000,1.464800000,1.419100000,1.495200000
2.266320,1.419100000,1.464800000,1.419100000,1.495200000
2.269670,1.419100000,1.464800000,1.419100000,1.495200000
2.271670,1.419100000,1.464800000,1.419100000,1.495200000
2.274830,1.426700000,1.464800000,1.419100000,1.491400000
2.275960,1.426700000,1.464800000,1.419100000,1.491400000
2.279630,1.426700000,1.464800000,1.419100000,1.491400000
2.281210,1.426700000,1.464800000,1.419100000,1.491400000
2.284710,1.430600000,1.464800000,1.419100000,1.491400000
2.285950,1.430600000,1.464800000,1.419100000,1.491400000
2.289830,1.430600000,1.464800000,1.419100000,1.491400000
2.290940,1.430600000,1.464800000,1.419100000,1.491400000
2.294770,1.438200000,1.464800000,1.403900000,1.491400000
2.296530,1.438200000,1.464800000,1.403900000,1.491400000
2.299750,1.438200000,1.464800000,1.403900000,1.491400000
2.300930,1.438200000,1.464800000,1.403900000,1.491400000
2.304890,1.464800000,1.464800000,1.415300000,1.502800000
2.305990,1.464800000,1.464800000,1.415300000,1.502800000
2.309710,1.464800000,1.464800000,1.415300000,1.502800000
2.312410,1.464800000,1.464800000,1.415300000,1.502800000
2.315440,1.461000000,1.464800000,1.415300000,1.518100000
2.317730,1.461000000,1.464800000,1.415300000,1.518100000
2.319880,1.461000000,1.464800000,1.415300000,1.518100000
2.320960,1.461000000,1.464800000,1.415300000,1.518100000
2.324860,1.438200000,1.461000000,1.438200000,1.518100000
2.325950,1.438200000,1.461000000,1.438200000,1.518100000
2.329800,1.438200000,1.461000000,1.438200000,1.518100000
2.330950,1.438200000,1.461000000,1.438200000,1.518100000
2.335070,1.442000000,1.464800000,1.434400000,1.514300000
2.336250,1.442000000,1.464800000,1.434400000,1.514300000
2.341510,1.442000000,1.464800000,1.434400000,1.514300000
2.342310,1.442000000,1.464800000,1.434400000,1.514300000
2.344710,1.438200000,1.472400000,1.422900000,1.499000000
2.346930,1.438200000,1.472400000,1.422900000,1.499000000
2.350720,1.438200000,1.472400000,1.422900000,1.499000000
2.353380,1.438200000,1.472400000,1.422900000,1.499000000
2.356570,1.445800000,1.472400000,1.434400000,1.491400000
2.358160,1.445800000,1.472400000,1.434400000,1.491400000
2.359680,1.445800000,1.472400000,1.434400000,1.491400000
2.361000,1.445800000,1.472400000,1.434400000,1.491400000
2.364860,1.438200000,1.468600000,1.438200000,1.491400000
2.366300,1.438200000,1.468600000,1.438200000,1.491400000
2.370150,1.438200000,1.468600000,1.438200000,1.491400000
2.371290,1.438200000,1.468600000,1.438200000,1.491400000
2.374710,1.457200000,1.468600000,1.422900000,1.502800000
2.375950,1.457200000,1.468600000,1.422900000,1.502800000
2.382140,1.457200000,1.468600000,1.422900000,1.502800000
2.383470,1.468600000,1.468600000,1.434400000,1.514300000
2.386560,1.468600000,1.468600000,1.434400000,1.514300000
2.387090,1.468600000,1.468600000,1.434400000,1.514300000
2.389720,1.468600000,1.468600000,1.434400000,1.514300000
2.391070,1.468600000,1.468600000,1.434400000,1.514300000
2.394700,1.464800000,1.468600000,1.434400000,1.521900000
2.396010,1.464800000,1.468600000,1.434400000,1.521900000
2.399730,1.464800000,1.468600000,1.434400000,1.521900000
2.401010,1.464800000,1.468600000,1.434400000,1.521900000
2.404750,1.453400000,1.464800000,1.434400000,1.518100000
2.405940,1.453400000,1.464800000,1.434400000,1.518100000
2.409710,1.453400000,1.464800000,1.434400000,1.518100000
2.410950,1.453400000,1.464800000,1.434400000,1.518100000
2.414750,1.453400000,1.476200000,1.434400000,1.510500000
2.417120,1.453400000,1.476200000,1.434400000,1.510500000
2.419680,1.453400000,1.476200000,1.434400000,1.510500000
2.421200,1.453400000,1.476200000,1.434400000,1.510500000
2.425650,1.449600000,1.472400000,1.434400000,1.499000000
2.426370,1.449600000,1.472400000,1.434400000,1.499000000
2.429770,1.449600000,1.472400000,1.434400000,1.499000000
2.431090,1.449600000,1.472400000,1.434400000,1.499000000
2.434650,1.468600000,1.472400000,1.434400000,1.499000000
2.435940,1.468600000,1.472400000,1.434400000,1.499000000
2.439740,1.468600000,1.472400000,1.434400000,1.499000000
2.440970,1.468600000,1.472400000,1.434400000,1.499000000
2.444750,1.472400000,1.472400000,1.434400000,1.514300000
2.446020,1.472400000,1.472400000,1.434400000,1.514300000
2.449870,1.472400000,1.472400000,1.434400000,1.514300000
2.450990,1.472400000,1.472400000,1.434400000,1.514300000
2.454670,1.480000000,1.468600000,1.434400000,1.525700000
2.456080,1.480000000,1.468600000,1.434400000,1.525700000
2.460620,1.480000000,1.468600000,1.434400000,1.525700000
2.461480,1.480000000,1.468600000,1.434400000,1.525700000
2.465050,1.480000000,1.472400000,1.434400000,1.529500000
2.466160,1.480000000,1.472400000,1.434400000,1.529500000
2.469820,1.480000000,1.472400000,1.434400000,1.529500000
2.471030,1.480000000,1.472400000,1.434400000,1.529500000
2.474650,1.464800000,1.472400000,1.449600000,1.529500000
2.475910,1.464800000,1.472400000,1.449600000,1.529500000
2.479870,1.464800000,1.472400000,1.449600000,1.529500000
2.481710,1.464800000,1.472400000,1.449600000,1.529500000
2.484780,1.461000000,1.468600000,1.449600000,1.510500000
2.486040,1.461000000,1.468600000,1.449600000,1.510500000
2.490240,1.461000000,1.468600000,1.449600000,1.510500000
2.491520,1.461000000,1.468600000,1.449600000,1.510500000
2.494770,1.461000000,1.476200000,1.453400000,1.506600000
2.496060,1.461000000,1.476200000,1.453400000,1.506600000
2.500270,1.461000000,1.476200000,1.453400000,1.506600000
2.501100,1.461000000,1.476200000,1.453400000,1.506600000
2.504970,1.461000000,1.476200000,1.453400000,1.506600000
2.506100,1.461000000,1.476200000,1.453400000,1.506600000
2.509660,1.461000000,1.476200000,1.453400000,1.506600000
2.512510,1.480000000,1.480000000,1.453400000,1.510500000
2.514830,1.480000000,1.480000000,1.453400000,1.510500000
2.517000,1.480000000,1.480000000,1.453400000,1.510500000
2.519650,1.480000000,1.480000000,1.453400000,1.510500000
2.521030,1.480000000,1.480000000,1.453400000,1.510500000
2.524720,1.491400000,1.472400000,1.457200000,1.529500000
2.525990,1.491400000,1.472400000,1.457200000,1.529500000
2.530180,1.491400000,1.472400000,1.457200000,1.529500000
2.531080,1.491400000,1.472400000,1.457200000,1.529500000
2.534690,1.483800000,1.468600000,1.457200000,1.537100000
2.535940,1.483800000,1.468600000,1.457200000,1.537100000
2.540160,1.483800000,1.468600000,1.457200000,1.537100000
2.541540,1.483800000,1.468600000,1.457200000,1.537100000
2.545750,1.483800000,1.468600000,1.461000000,1.537100000
2.546210,1.483800000,1.468600000,1.461000000,1.537100000
2.549750,1.483800000,1.468600000,1.461000000,1.537100000
2.551060,1.483800000,1.468600000,1.461000000,1.537100000
2.554650,1.464800000,1.472400000,1.464800000,1.518100000
2.556180,1.464800000,1.472400000,1.464800000,1.518100000
2.559850,1.464800000,1.472400000,1.464800000,1.518100000
2.561740,1.464800000,1.472400000,1.464800000,1.518100000
2.564610,1.468600000,1.476200000,1.468600000,1.514300000
2.565930,1.468600000,1.476200000,1.468600000,1.514300000
2.569710,1.468600000,1.476200000,1.468600000,1.514300000
2.571020,1.468600000,1.476200000,1.468600000,1.514300000
2.574890,1.487600000,1.476200000,1.468600000,1.514300000
2.576090,1.487600000,1.476200000,1.468600000,1.514300000
2.579710,1.487600000,1.476200000,1.468600000,1.514300000
2.580950,1.487600000,1.476200000,1.468600000,1.514300000
2.584770,1.495200000,1.476200000,1.468600000,1.525700000
2.585960,1.495200000,1.476200000,1.468600000,1.525700000
2.589740,1.495200000,1.476200000,1.468600000,1.525700000
2.594610,1.495200000,1.472400000,1.464800000,1.533300000
2.595170,1.495200000,1.472400000,1.464800000,1.533300000
2.595920,1.495200000,1.472400000,1.464800000,1.533300000
2.599620,1.495200000,1.472400000,1.464800000,1.533300000
2.601050,1.495200000,1.472400000,1.464800000,1.533300000
2.604710,1.495200000,1.476200000,1.464800000,1.552300000
2.605960,1.495200000,1.476200000,1.464800000,1.552300000
2.610020,1.495200000,1.476200000,1.464800000,1.552300000
2.611430,1.495200000,1.476200000,1.464800000,1.552300000
2.615390,1.483800000,1.476200000,1.476200000,1.540900000
2.616040,1.483800000,1.476200000,1.476200000,1.540900000
2.619650,1.483800000,1.476200000,1.476200000,1.540900000
2.620990,1.483800000,1.476200000,1.476200000,1.540900000
2.625310,1.468600000,1.476200000,1.476200000,1.540900000
2.626070,1.468600000,1.476200000,1.476200000,1.540900000
2.629780,1.468600000,1.476200000,1.476200000,1.540900000
2.631150,1.468600000,1.476200000,1.476200000,1.540900000
2.634620,1.476200000,1.476200000,1.472400000,1.533300000
2.635900,1.476200000,1.476200000,1.472400000,1.533300000
2.639870,1.476200000,1.476200000,1.472400000,1.533300000
2.641000,1.476200000,1.476200000,1.472400000,1.533300000
2.646360,1.487600000,1.476200000,1.483800000,1.529500000
2.649530,1.487600000,1.476200000,1.483800000,1.529500000
2.650260,1.487600000,1.476200000,1.483800000,1.529500000
2.650940,1.487600000,1.476200000,1.483800000,1.529500000
2.654650,1.491400000,1.472400000,1.480000000,1.540900000
2.656290,1.491400000,1.472400000,1.480000000,1.540900000
2.659990,1.491400000,1.472400000,1.480000000,1.540900000
2.661180,1.491400000,1.472400000,1.480000000,1.540900000
2.664700,1.502800000,1.476200000,1.480000000,1.540900000
2.665940,1.502800000,1.476200000,1.480000000,1.540900000
2.669650,1.502800000,1.476200000,1.480000000,1.540900000
2.671230,1.502800000,1.476200000,1.480000000,1.540900000
2.675200,1.499000000,1.476200000,1.476200000,1.544700000
2.676260,1.499000000,1.476200000,1.476200000,1.544700000
2.680090,1.499000000,1.476200000,1.476200000,1.544700000
2.681070,1.499000000,1.476200000,1.476200000,1.544700000
2.684680,1.495200000,1.476200000,1.487600000,1.548500000
2.685990,1.495200000,1.476200000,1.487600000,1.548500000
2.689890,1.495200000,1.476200000,1.487600000,1.548500000
2.691900,1.495200000,1.476200000,1.487600000,1.548500000
2.694840,1.476200000,1.472400000,1.491400000,1.548500000
2.696080,1.476200000,1.472400000,1.491400000,1.548500000
2.699670,1.476200000,1.472400000,1.491400000,1.548500000
